CustomerID,Frequency,Monetary,PurchaseQty,ReturnMonetary,ReturnQty,ReturnRate,Recency,Cluster
17850.0,34.0,5288.63,1733.0,102.58,40.0,0.022560631697687534,372.0,-1
13047.0,10.0,3079.1,1391.0,158.44,36.0,0.025227750525578137,32.0,0
12583.0,15.0,7187.34,5060.0,94.03999999999999,51.0,0.0099784777929955,3.0,0
13748.0,5.0,948.25,439.0,0.0,0.0,0.0,96.0,0
15100.0,3.0,635.1,80.0,240.89999999999998,22.0,0.21568627450980393,334.0,-1
15291.0,15.0,4596.51,2103.0,71.79,29.0,0.013602251407129456,26.0,0
14688.0,21.0,5107.38,3621.0,523.49,399.0,0.09925373134328358,8.0,0
17809.0,12.0,4627.62,2057.0,784.29,42.0,0.020009528346831826,16.0,0
15311.0,91.0,59419.340000000004,38194.0,1348.56,474.0,0.012258197993172648,1.0,-1
14527.0,55.0,7711.379999999999,2089.0,797.44,40.0,0.018788163457022077,3.0,0
16098.0,7.0,2005.63,613.0,0.0,0.0,0.0,88.0,0
18074.0,1.0,489.6,190.0,0.0,0.0,0.0,374.0,0
17420.0,3.0,598.83,265.0,0.0,0.0,0.0,50.0,0
16029.0,63.0,50992.61,40208.0,30032.23,8060.0,0.16698433744924174,39.0,-1
16250.0,2.0,389.44,208.0,0.0,0.0,0.0,261.0,0
12431.0,15.0,6416.389999999999,2918.0,71.06,50.0,0.016846361185983826,36.0,0
17511.0,31.0,88125.38,64549.0,2937.0,1537.0,0.023257573464879097,3.0,-1
17548.0,1.0,-141.48000000000002,58.0,244.78,190.0,0.7661290322580645,234.0,-1
13705.0,3.0,711.86,363.0,0.0,0.0,0.0,8.0,0
13747.0,1.0,79.6,8.0,0.0,0.0,0.0,374.0,0
13408.0,62.0,27487.41,16232.0,629.63,113.0,0.006913429183236464,2.0,-1
13767.0,37.0,16945.71,7322.0,274.65000000000003,64.0,0.008665041971297048,2.0,0
17924.0,7.0,2894.33,1160.0,68.17,19.0,0.016115351993214587,12.0,0
13448.0,6.0,3465.67,1660.0,73.7,22.0,0.013079667063020214,17.0,0
15862.0,4.0,832.88,585.0,0.0,0.0,0.0,8.0,0
15513.0,19.0,14520.080000000002,5709.0,238.14000000000001,164.0,0.027924399795675122,33.0,0
12791.0,1.0,192.60000000000002,97.0,0.0,0.0,0.0,374.0,0
16218.0,7.0,3054.87,2088.0,29.810000000000002,11.0,0.005240590757503573,30.0,0
14045.0,4.0,1659.75,535.0,0.0,0.0,0.0,109.0,0
14307.0,6.0,2995.72,2058.0,0.0,0.0,0.0,89.0,0
17908.0,1.0,243.28,173.0,0.0,0.0,0.0,374.0,0
17920.0,17.0,4204.1,2516.0,0.0,0.0,0.0,4.0,0
12838.0,2.0,683.13,359.0,0.0,0.0,0.0,34.0,0
13255.0,2.0,390.65999999999997,177.0,8.850000000000001,3.0,0.016666666666666666,9.0,0
16583.0,1.0,233.45,111.0,0.0,0.0,0.0,374.0,0
18085.0,2.0,689.95,265.0,0.0,0.0,0.0,330.0,0
13758.0,7.0,3190.55,1844.0,0.0,0.0,0.0,12.0,0
13694.0,50.0,62653.100000000006,63312.0,2386.52,1509.0,0.023279492756976907,4.0,-1
15983.0,4.0,1475.02,892.0,0.0,0.0,0.0,22.0,0
14849.0,25.0,7904.28,5694.0,26.259999999999998,38.0,0.006629448709002094,22.0,0
17968.0,1.0,277.35,160.0,0.0,0.0,0.0,374.0,0
16210.0,18.0,21086.3,7559.0,0.0,0.0,0.0,2.0,0
17897.0,3.0,541.1,229.0,25.5,6.0,0.02553191489361702,173.0,0
17377.0,20.0,3925.92,2076.0,175.0,1.0,0.00048146364949446316,24.0,0
16552.0,2.0,379.73,219.0,0.0,0.0,0.0,243.0,0
17181.0,2.0,239.92000000000002,241.0,0.0,0.0,0.0,57.0,0
17951.0,3.0,990.84,616.0,17.700000000000003,6.0,0.00964630225080386,40.0,0
14729.0,1.0,313.49,197.0,0.0,0.0,0.0,374.0,0
12748.0,210.0,29072.100000000002,25748.0,4647.63,1538.0,0.05636590192772851,1.0,-1
15012.0,2.0,423.04,231.0,0.0,0.0,0.0,54.0,0
12868.0,6.0,1607.0600000000002,928.0,0.0,0.0,0.0,186.0,0
17572.0,4.0,226.75000000000003,95.0,0.0,0.0,0.0,71.0,0
14078.0,6.0,1049.37,310.0,0.0,0.0,0.0,102.0,0
14001.0,3.0,2030.3300000000002,962.0,12.75,3.0,0.0031088082901554403,46.0,0
12662.0,11.0,3817.0800000000004,2058.0,32.699999999999996,18.0,0.008670520231213872,1.0,0
15525.0,3.0,811.02,416.0,14.899999999999999,2.0,0.004784688995215311,2.0,0
14237.0,1.0,161.0,38.0,0.0,0.0,0.0,373.0,0
17905.0,4.0,800.24,407.0,0.0,0.0,0.0,71.0,0
15485.0,3.0,2575.0,1306.0,0.0,0.0,0.0,30.0,0
12433.0,7.0,13375.87,11071.0,0.0,0.0,0.0,1.0,0
16955.0,4.0,493.66999999999996,266.0,25.0,20.0,0.06993006993006994,185.0,0
15350.0,1.0,115.65,51.0,0.0,0.0,0.0,373.0,0
15605.0,5.0,1198.23,441.0,0.0,0.0,0.0,36.0,0
18144.0,12.0,2888.75,1343.0,0.0,0.0,0.0,8.0,0
15922.0,1.0,363.6,138.0,5.9,2.0,0.014285714285714285,373.0,0
14594.0,2.0,379.83,185.0,0.0,0.0,0.0,7.0,0
15165.0,1.0,487.75,160.0,0.0,0.0,0.0,373.0,0
14911.0,201.0,132572.62,80515.0,11252.44,3335.0,0.03977340488968396,1.0,-1
16456.0,5.0,2158.37,1148.0,0.0,0.0,0.0,99.0,0
17841.0,124.0,40340.78,23071.0,650.79,206.0,0.008849937706749151,2.0,-1
12472.0,7.0,6229.48,4148.0,342.63,128.0,0.029934518241347054,32.0,0
17346.0,15.0,2611.58,1657.0,64.98,18.0,0.010746268656716417,4.0,0
17643.0,1.0,101.55,71.0,0.0,0.0,0.0,373.0,0
17873.0,5.0,1764.3600000000001,1047.0,94.80000000000001,48.0,0.043835616438356165,80.0,0
13093.0,8.0,7741.47,3961.0,91.0,18.0,0.004523749685850716,276.0,0
12921.0,37.0,16389.74,9526.0,197.35,72.0,0.007501562825588664,9.0,0
13468.0,37.0,5656.75,2589.0,48.22,8.0,0.0030804774740084712,2.0,0
17760.0,2.0,287.59,239.0,0.0,0.0,0.0,22.0,0
16928.0,17.0,2781.5,2114.0,66.1,20.0,0.00937207122774133,80.0,0
16048.0,2.0,243.69,144.0,12.75,1.0,0.006896551724137931,373.0,0
16274.0,1.0,357.95,155.0,0.0,0.0,0.0,373.0,0
14496.0,2.0,538.8100000000001,159.0,0.0,0.0,0.0,312.0,0
14696.0,7.0,2070.97,1630.0,7.98,4.0,0.0024479804161566705,4.0,0
16539.0,4.0,1388.81,477.0,0.0,0.0,0.0,3.0,0
17025.0,3.0,357.77,235.0,0.0,0.0,0.0,61.0,0
13777.0,33.0,25748.35,12897.0,228.81,93.0,0.007159353348729792,1.0,0
17690.0,15.0,4748.45,1773.0,9.5,6.0,0.003372681281618887,30.0,0
12947.0,6.0,1407.29,1165.0,196.7,8.0,0.0068201193520886615,144.0,0
17460.0,6.0,452.63000000000005,236.0,169.8,60.0,0.20270270270270271,94.0,-1
18229.0,20.0,7276.900000000001,2488.0,0.0,0.0,0.0,12.0,0
14142.0,1.0,311.81,313.0,0.0,0.0,0.0,373.0,0
17069.0,9.0,2655.2200000000003,1506.0,54.480000000000004,24.0,0.01568627450980392,28.0,0
13065.0,1.0,205.86,74.0,0.0,0.0,0.0,373.0,0
14606.0,93.0,11713.85,6224.0,442.8,246.0,0.03802163833075734,1.0,-1
16835.0,2.0,180.85,61.0,0.0,0.0,0.0,128.0,0
15235.0,12.0,2247.51,1324.0,0.0,0.0,0.0,218.0,0
13576.0,18.0,6703.3,2646.0,14.040000000000001,6.0,0.0022624434389140274,10.0,0
18011.0,1.0,102.78999999999999,71.0,0.0,0.0,0.0,373.0,0
13090.0,14.0,8689.39,2263.0,221.43,69.0,0.029588336192109776,9.0,0
15694.0,14.0,6423.599999999999,1677.0,55.800000000000004,12.0,0.007104795737122558,1.0,0
14741.0,6.0,1400.34,841.0,0.0,0.0,0.0,12.0,0
13715.0,5.0,1053.9399999999998,563.0,25.4,8.0,0.014010507880910683,281.0,0
14092.0,14.0,4063.1,2066.0,13.81,5.0,0.0024142926122646064,8.0,0
17732.0,1.0,303.97,93.0,0.0,0.0,0.0,373.0,0
12855.0,1.0,38.1,30.0,0.0,0.0,0.0,373.0,0
15752.0,7.0,2628.9300000000003,1978.0,8.45,5.0,0.0025214321734745334,40.0,0
17855.0,1.0,208.97,197.0,0.0,0.0,0.0,373.0,0
14047.0,5.0,1290.0100000000002,381.0,18.6,4.0,0.01038961038961039,9.0,0
17925.0,1.0,244.08,72.0,0.0,0.0,0.0,373.0,0
13941.0,5.0,4912.41,2364.0,200.55,57.0,0.023543990086741014,22.0,0
17017.0,20.0,8574.11,6673.0,120.15,60.0,0.008911332244170504,3.0,0
14135.0,15.0,4690.31,3850.0,0.0,0.0,0.0,2.0,0
13108.0,1.0,350.06,298.0,0.0,0.0,0.0,373.0,0
12471.0,30.0,18740.92,8212.0,1083.1299999999999,247.0,0.029199668991606573,2.0,0
15601.0,14.0,6745.360000000001,4983.0,31.2,5.0,0.0010024057738572574,11.0,0
13418.0,18.0,5845.4400000000005,3918.0,281.98999999999995,79.0,0.019764823617713284,12.0,0
14766.0,6.0,2423.0699999999997,1349.0,50.3,26.0,0.01890909090909091,8.0,0
15658.0,5.0,958.9000000000001,242.0,65.2,10.0,0.03968253968253968,190.0,0
14388.0,8.0,3172.04,1941.0,40.8,8.0,0.004104669061056952,10.0,0
14901.0,9.0,1414.99,661.0,6.3,2.0,0.0030165912518853697,11.0,0
18041.0,21.0,4161.14,3819.0,22.25,9.0,0.0023510971786833857,12.0,0
15955.0,14.0,4389.81,2135.0,26.45,11.0,0.005125815470643057,24.0,0
15070.0,1.0,106.2,36.0,0.0,0.0,0.0,373.0,0
16244.0,2.0,1522.75,855.0,0.0,0.0,0.0,212.0,0
15111.0,3.0,1567.48,710.0,0.0,0.0,0.0,29.0,0
14390.0,9.0,4592.469999999999,2136.0,60.35,11.0,0.005123428039124359,10.0,0
16546.0,2.0,-95.93000000000006,549.0,883.08,852.0,0.6081370449678801,291.0,-1
15260.0,7.0,1780.77,885.0,30.0,24.0,0.026402640264026403,100.0,0
13305.0,10.0,2000.86,1232.0,0.0,0.0,0.0,4.0,0
14491.0,2.0,340.93,139.0,0.0,0.0,0.0,175.0,0
14060.0,19.0,6135.38,5386.0,5.04,12.0,0.002223045572434235,5.0,0
15923.0,1.0,127.08,122.0,0.0,0.0,0.0,373.0,0
16752.0,1.0,207.5,54.0,0.0,0.0,0.0,373.0,0
17287.0,7.0,1064.11,559.0,0.0,0.0,0.0,26.0,0
15363.0,1.0,318.05,144.0,7.95,1.0,0.006896551724137931,373.0,0
12915.0,2.0,363.65,93.0,0.0,0.0,0.0,149.0,0
15544.0,9.0,3542.51,3109.0,4.199999999999999,4.0,0.00128493414712496,9.0,0
15738.0,16.0,4788.77,2982.0,23.65,15.0,0.005005005005005005,19.0,0
16042.0,5.0,1147.37,755.0,49.9,10.0,0.013071895424836602,22.0,0
17381.0,29.0,20272.43,25649.0,3.18,3.0,0.0001169499454233588,9.0,0
15827.0,14.0,1641.48,882.0,194.61,40.0,0.04338394793926247,73.0,0
14180.0,25.0,4640.77,719.0,107.75,9.0,0.012362637362637362,11.0,0
13117.0,8.0,984.91,945.0,0.0,0.0,0.0,22.0,0
16916.0,2.0,576.26,440.0,0.0,0.0,0.0,24.0,0
17964.0,2.0,471.7,301.0,0.0,0.0,0.0,32.0,0
14466.0,7.0,2272.4,1006.0,0.0,0.0,0.0,29.0,0
17235.0,2.0,550.06,224.0,0.0,0.0,0.0,25.0,0
16510.0,1.0,248.1,92.0,0.0,0.0,0.0,372.0,0
17802.0,3.0,1251.84,752.0,33.2,9.0,0.011826544021024968,82.0,0
15107.0,6.0,247.66,170.0,71.84,8.0,0.0449438202247191,311.0,-1
17976.0,1.0,353.19,106.0,0.0,0.0,0.0,372.0,0
14449.0,4.0,907.1,757.0,0.0,0.0,0.0,19.0,0
15838.0,19.0,33350.76,18368.0,292.32,9361.0,0.3375888059432363,11.0,-1
16781.0,1.0,294.65,113.0,16.599999999999998,2.0,0.017391304347826087,372.0,0
17547.0,0.0,-11.8,0.0,11.8,4.0,0.0,365.0,1
13491.0,10.0,1215.82,903.0,0.0,0.0,0.0,52.0,0
16186.0,12.0,3991.94,3020.0,15.0,12.0,0.00395778364116095,23.0,0
17685.0,7.0,3191.53,1956.0,0.0,0.0,0.0,17.0,0
17581.0,25.0,10736.11,5927.0,308.93,66.0,0.01101284832304355,1.0,0
15732.0,2.0,294.12,215.0,0.0,0.0,0.0,212.0,0
13138.0,6.0,962.39,473.0,0.0,0.0,0.0,22.0,0
15823.0,1.0,-840.76,1.0,855.76,284.0,0.9964912280701754,372.0,-1
17567.0,8.0,4012.5599999999995,2632.0,318.92,204.0,0.07193229901269393,7.0,-1
15061.0,48.0,54228.74,28920.0,305.4,330.0,0.011282051282051283,4.0,-1
16203.0,4.0,589.15,262.0,3.75,1.0,0.0038022813688212928,59.0,0
15640.0,15.0,12433.34,6607.0,82.32,35.0,0.005269497139415839,4.0,0
15574.0,4.0,702.25,349.0,0.0,0.0,0.0,178.0,0
16770.0,5.0,744.9,464.0,25.200000000000003,12.0,0.025210084033613446,58.0,0
17838.0,5.0,2312.7000000000003,1879.0,466.6,458.0,0.19597774925117672,27.0,-1
17228.0,8.0,1906.09,1532.0,0.0,0.0,0.0,16.0,0
14829.0,4.0,644.65,452.0,52.9,38.0,0.07755102040816327,29.0,0
17412.0,7.0,1258.06,738.0,0.0,0.0,0.0,3.0,0
14031.0,19.0,14634.640000000001,5788.0,2652.22,418.0,0.06735417338059942,7.0,-1
14775.0,3.0,1011.9,1174.0,0.0,0.0,0.0,58.0,0
12971.0,86.0,10930.26,9289.0,259.65,86.0,0.009173333333333334,4.0,-1
15834.0,4.0,2084.9,965.0,148.85,4.0,0.0041279669762641896,70.0,0
17659.0,12.0,2954.75,1525.0,44.709999999999994,39.0,0.024936061381074168,17.0,0
15299.0,7.0,3787.09,2948.0,719.92,8.0,0.0027063599458728013,67.0,0
15646.0,3.0,425.14000000000004,394.0,22.5,6.0,0.015,158.0,0
13958.0,0.0,-102.45,0.0,102.45,23.0,0.0,365.0,1
14443.0,4.0,1400.88,938.0,19.32,7.0,0.007407407407407408,54.0,0
14156.0,55.0,113384.14,57885.0,3995.4900000000002,860.0,0.014639543790960934,10.0,-1
16995.0,0.0,-1.25,0.0,1.25,1.0,0.0,365.0,1
13402.0,2.0,621.23,479.0,0.0,0.0,0.0,127.0,0
18168.0,6.0,1133.64,594.0,36.3,9.0,0.014925373134328358,176.0,0
17757.0,30.0,5585.49,3320.0,19.8,4.0,0.0012033694344163659,1.0,0
14625.0,2.0,848.48,335.0,51.15,5.0,0.014705882352941176,196.0,0
13011.0,1.0,50.550000000000004,13.0,0.0,0.0,0.0,372.0,0
13798.0,57.0,36351.42,23948.0,802.43,434.0,0.017800016405545075,1.0,-1
15384.0,2.0,635.76,596.0,6.65,3.0,0.005008347245409015,170.0,0
14264.0,2.0,319.47,70.0,14.5,4.0,0.05405405405405406,155.0,0
13295.0,1.0,197.95000000000002,82.0,3.25,1.0,0.012048192771084338,360.0,0
16754.0,1.0,2002.4,4280.0,0.0,0.0,0.0,372.0,0
16634.0,2.0,217.9,82.0,0.0,0.0,0.0,223.0,0
18239.0,5.0,1561.6100000000001,795.0,0.0,0.0,0.0,219.0,0
14576.0,1.0,35.400000000000006,12.0,0.0,0.0,0.0,372.0,0
13145.0,4.0,614.77,145.0,3.75,3.0,0.02027027027027027,40.0,0
14395.0,9.0,3471.91,1693.0,35.8,4.0,0.002357100766057749,2.0,0
14865.0,2.0,52.2,108.0,0.0,0.0,0.0,7.0,0
15093.0,6.0,4410.14,3760.0,186.87999999999997,27.0,0.007129654079746501,18.0,0
12738.0,1.0,155.35,148.0,0.0,0.0,0.0,372.0,0
16150.0,5.0,1906.07,1047.0,146.95,43.0,0.03944954128440367,43.0,0
17552.0,4.0,909.9599999999999,719.0,20.45,11.0,0.015068493150684932,60.0,0
14236.0,2.0,490.86,310.0,0.0,0.0,0.0,81.0,0
17961.0,39.0,1296.44,560.0,0.0,0.0,0.0,21.0,-1
14573.0,9.0,1603.72,544.0,49.699999999999996,6.0,0.01090909090909091,180.0,0
17135.0,7.0,1139.73,1224.0,0.0,0.0,0.0,16.0,0
17396.0,8.0,7330.8,2005.0,0.0,0.0,0.0,39.0,0
14213.0,0.0,-1192.2,0.0,1192.2,244.0,0.0,365.0,1
12967.0,2.0,1194.75,438.0,466.15,195.0,0.3080568720379147,358.0,-1
12686.0,1.0,89.14,107.0,0.0,0.0,0.0,372.0,0
14679.0,0.0,-2.55,0.0,2.55,1.0,0.0,365.0,1
15240.0,5.0,1685.57,1369.0,21.0,8.0,0.005809731299927378,45.0,0
18225.0,12.0,5361.0199999999995,3244.0,148.1,38.0,0.01157830591102986,3.0,0
13370.0,1.0,721.32,343.0,33.55,7.0,0.02,372.0,0
16883.0,2.0,276.73,104.0,0.0,0.0,0.0,187.0,0
13520.0,6.0,3487.75,1649.0,136.6,7.0,0.004227053140096618,59.0,0
12841.0,25.0,3876.4,2757.0,145.95000000000002,74.0,0.026139173436948077,5.0,0
16905.0,7.0,3085.48,1408.0,16.95,1.0,0.0007097232079489,5.0,0
12427.0,3.0,708.37,533.0,117.42999999999999,297.0,0.3578313253012048,22.0,-1
17967.0,1.0,123.07,80.0,0.0,0.0,0.0,372.0,0
16891.0,5.0,809.7,283.0,0.0,0.0,0.0,2.0,0
14589.0,1.0,39.75,5.0,0.0,0.0,0.0,372.0,0
14680.0,16.0,26932.34,13476.0,1821.77,1002.0,0.0692084542063821,25.0,-1
17884.0,4.0,717.45,854.0,0.0,0.0,0.0,4.0,0
12557.0,5.0,11990.960000000001,4384.0,0.0,0.0,0.0,16.0,0
14083.0,9.0,1018.43,732.0,0.0,0.0,0.0,4.0,0
13013.0,13.0,4786.990000000001,2224.0,23.95,7.0,0.0031376064545047063,1.0,0
14210.0,6.0,1900.89,760.0,4.95,1.0,0.001314060446780552,106.0,0
16477.0,7.0,2494.46,1415.0,0.0,0.0,0.0,64.0,0
12600.0,10.0,2581.04,774.0,18.0,1.0,0.0012903225806451613,29.0,0
16013.0,47.0,33366.25,15536.0,3764.35,1691.0,0.09815986532768328,4.0,-1
17949.0,45.0,52750.840000000004,30546.0,5759.64,2975.0,0.0887503356105128,1.0,-1
12779.0,8.0,3868.7000000000003,2024.0,112.66,28.0,0.01364522417153996,38.0,0
16926.0,1.0,230.25,35.0,0.0,0.0,0.0,371.0,0
17787.0,4.0,1865.19,910.0,0.0,0.0,0.0,153.0,0
12682.0,31.0,12288.22,5575.0,0.0,0.0,0.0,4.0,0
14723.0,6.0,1158.3,695.0,0.0,0.0,0.0,10.0,0
17954.0,12.0,2295.37,2234.0,37.349999999999994,5.0,0.0022331397945511387,5.0,0
17819.0,7.0,3661.0699999999997,1031.0,43.8,4.0,0.003864734299516908,72.0,0
12712.0,13.0,4241.63,1062.0,154.5,18.0,0.016666666666666666,29.0,0
15373.0,12.0,2213.1099999999997,500.0,202.79999999999998,24.0,0.04580152671755725,8.0,0
16140.0,2.0,703.77,730.0,21.41,3.0,0.004092769440654843,66.0,0
17198.0,3.0,692.22,357.0,0.0,0.0,0.0,24.0,0
17238.0,17.0,3744.65,1822.0,0.0,0.0,0.0,3.0,0
12793.0,2.0,545.48,295.0,0.0,0.0,0.0,335.0,0
15769.0,26.0,51823.72,29672.0,4429.0,2012.0,0.0635020830703194,7.0,-1
14396.0,2.0,487.99,225.0,0.0,0.0,0.0,65.0,0
14898.0,6.0,1228.32,1020.0,75.2,12.0,0.011627906976744186,23.0,0
12725.0,1.0,427.8,164.0,0.0,0.0,0.0,371.0,0
16725.0,7.0,775.0699999999999,294.0,5.95,1.0,0.003389830508474576,302.0,0
12395.0,12.0,2998.28,2118.0,20.35,5.0,0.0023551577955723034,19.0,0
16455.0,7.0,1841.18,988.0,0.0,0.0,0.0,64.0,0
13081.0,11.0,27964.48,19160.0,372.9,139.0,0.007202445722576299,12.0,0
15545.0,2.0,292.71999999999997,163.0,0.0,0.0,0.0,54.0,0
17243.0,26.0,8628.550000000001,3370.0,48.3,8.0,0.002368265245707519,1.0,0
15465.0,18.0,6945.0199999999995,1257.0,409.59999999999997,40.0,0.03084040092521203,20.0,0
15708.0,7.0,3329.7200000000003,1267.0,34.519999999999996,9.0,0.007053291536050157,41.0,0
13089.0,97.0,57385.880000000005,31070.0,1439.95,283.0,0.00902624948170829,3.0,-1
16033.0,20.0,8727.609999999999,3539.0,88.79,23.0,0.006457046603032005,6.0,0
13838.0,4.0,691.73,263.0,0.0,0.0,0.0,6.0,0
15351.0,7.0,1862.14,753.0,97.97,21.0,0.027131782945736434,12.0,0
18055.0,10.0,6752.14,2455.0,32.050000000000004,5.0,0.0020325203252032522,7.0,0
15038.0,6.0,665.59,217.0,39.9,30.0,0.1214574898785425,59.0,-1
18109.0,26.0,7925.320000000001,4237.0,127.65,18.0,0.004230317273795535,2.0,0
13069.0,24.0,3717.8199999999997,5885.0,718.3,419.0,0.06646573604060914,1.0,0
16241.0,13.0,2607.87,1453.0,0.0,0.0,0.0,10.0,0
14800.0,12.0,4236.34,3655.0,103.4,21.0,0.005712731229597388,48.0,0
16839.0,34.0,15357.779999999999,8975.0,1236.57,505.0,0.05327004219409283,9.0,-1
16168.0,27.0,3770.6,1892.0,17.0,4.0,0.002109704641350211,11.0,0
16931.0,21.0,4604.22,3158.0,0.0,0.0,0.0,5.0,0
16814.0,21.0,6500.6,2769.0,8.5,1.0,0.00036101083032490973,14.0,0
13269.0,15.0,5315.92,3514.0,30.31,5.0,0.0014208581983518045,1.0,0
14813.0,2.0,155.43,67.0,0.0,0.0,0.0,370.0,0
12567.0,10.0,9114.94,4305.0,286.34000000000003,216.0,0.047777040477770406,23.0,0
17062.0,4.0,534.47,430.0,3.9,2.0,0.004629629629629629,314.0,0
15332.0,4.0,1661.06,652.0,0.0,0.0,0.0,366.0,0
14810.0,11.0,2087.88,1016.0,0.0,0.0,0.0,41.0,0
16353.0,23.0,6675.71,2006.0,0.0,0.0,0.0,4.0,0
18118.0,26.0,5595.7699999999995,2882.0,58.05,5.0,0.0017319016279875303,11.0,0
13831.0,6.0,2202.99,745.0,0.0,0.0,0.0,16.0,0
13506.0,2.0,452.82,324.0,5.7,3.0,0.009174311926605505,316.0,0
17796.0,4.0,697.9,178.0,0.0,0.0,0.0,40.0,0
15716.0,4.0,1118.81,744.0,0.0,0.0,0.0,146.0,0
18156.0,2.0,734.94,301.0,0.0,0.0,0.0,13.0,0
15221.0,1.0,114.10000000000002,43.0,289.15,18.0,0.29508196721311475,366.0,-1
16983.0,7.0,1920.2,1379.0,11.049999999999999,13.0,0.009339080459770116,13.0,0
17059.0,5.0,3095.04,1855.0,0.0,0.0,0.0,30.0,0
16327.0,6.0,3844.22,2571.0,0.0,0.0,0.0,14.0,0
17211.0,8.0,2299.67,1323.0,17.55,13.0,0.009730538922155689,27.0,0
17026.0,2.0,154.82999999999998,97.0,0.0,0.0,0.0,185.0,0
15570.0,12.0,4109.97,2067.0,55.55,9.0,0.004335260115606936,7.0,0
15880.0,1.0,313.28000000000003,211.0,30.0,24.0,0.10212765957446808,369.0,0
16718.0,1.0,623.75,413.0,0.0,0.0,0.0,369.0,0
15808.0,4.0,3724.7700000000004,1343.0,10.2,2.0,0.001486988847583643,306.0,0
17858.0,12.0,5155.66,2706.0,0.0,0.0,0.0,6.0,0
16393.0,13.0,2941.05,1576.0,105.16000000000001,47.0,0.02895871842267406,2.0,0
14161.0,3.0,1110.52,455.0,0.0,0.0,0.0,216.0,0
17863.0,6.0,3160.0,2638.0,0.0,0.0,0.0,59.0,0
16411.0,2.0,214.65,132.0,0.0,0.0,0.0,19.0,0
16402.0,2.0,299.6,149.0,0.0,0.0,0.0,265.0,0
15023.0,11.0,6763.16,2871.0,39.6,8.0,0.0027787426189649182,3.0,0
17402.0,13.0,2633.85,701.0,0.0,0.0,0.0,5.0,0
15426.0,5.0,1429.9,674.0,17.49,11.0,0.016058394160583942,19.0,0
12647.0,12.0,3669.92,1432.0,52.9,12.0,0.008310249307479225,22.0,0
15894.0,2.0,263.55,168.0,0.0,0.0,0.0,253.0,0
15867.0,15.0,3797.79,2054.0,14.85,2.0,0.0009727626459143969,5.0,0
14506.0,5.0,2012.17,730.0,0.0,0.0,0.0,17.0,0
15555.0,16.0,4758.2,4439.0,46.97,29.0,0.006490599820948971,12.0,0
13034.0,2.0,642.77,369.0,0.0,0.0,0.0,55.0,0
15889.0,2.0,446.87,215.0,0.0,0.0,0.0,157.0,0
15953.0,8.0,1634.53,892.0,24.849999999999998,7.0,0.00778642936596218,15.0,0
16143.0,6.0,2419.84,919.0,5.1,2.0,0.002171552660152009,3.0,0
12720.0,25.0,5713.28,4672.0,68.45,18.0,0.003837953091684435,3.0,0
16422.0,51.0,33805.69,33704.0,878.71,1112.0,0.031939338235294115,17.0,-1
12747.0,11.0,4196.01,1275.0,0.0,0.0,0.0,2.0,0
15502.0,12.0,5541.46,4236.0,4843.47,413.0,0.0888363088836309,16.0,-1
12763.0,2.0,494.08,316.0,0.0,0.0,0.0,138.0,0
14081.0,2.0,904.67,596.0,29.849999999999998,3.0,0.005008347245409015,302.0,0
17965.0,14.0,2622.57,1556.0,0.0,0.0,0.0,38.0,0
14404.0,6.0,1434.72,839.0,39.6,8.0,0.009445100354191263,34.0,0
13579.0,2.0,467.04,176.0,0.0,0.0,0.0,15.0,0
13174.0,3.0,2817.03,1395.0,0.0,0.0,0.0,16.0,0
15987.0,7.0,1451.28,1556.0,0.0,0.0,0.0,12.0,0
17677.0,30.0,16219.22,9775.0,144.01,50.0,0.005089058524173028,2.0,0
13652.0,3.0,1095.08,578.0,0.0,0.0,0.0,46.0,0
12586.0,1.0,179.94000000000003,79.0,17.0,2.0,0.024691358024691357,17.0,0
17428.0,28.0,17078.449999999997,9474.0,178.4,39.0,0.004099653106275623,1.0,0
16161.0,19.0,5352.97,2599.0,222.59,93.0,0.034546805349182766,2.0,0
16858.0,1.0,345.89000000000004,91.0,29.8,8.0,0.08080808080808081,369.0,0
18219.0,10.0,2019.77,885.0,50.0,2.0,0.002254791431792559,3.0,0
14293.0,4.0,1046.56,709.0,0.0,0.0,0.0,3.0,0
14748.0,5.0,1311.79,1223.0,103.96000000000001,31.0,0.024720893141945772,29.0,0
16638.0,10.0,1676.47,1255.0,4.25,1.0,0.0007961783439490446,23.0,0
17674.0,2.0,551.04,672.0,0.0,0.0,0.0,74.0,0
12808.0,3.0,483.65000000000003,188.0,0.0,0.0,0.0,37.0,0
13094.0,12.0,1708.8600000000001,1716.0,218.46,174.0,0.09206349206349207,21.0,-1
15899.0,1.0,56.25,39.0,0.0,0.0,0.0,369.0,0
12708.0,10.0,2616.3199999999997,1307.0,96.59,37.0,0.027529761904761904,30.0,0
15898.0,5.0,1384.68,570.0,4.2,2.0,0.0034965034965034965,1.0,0
17691.0,2.0,290.40000000000003,134.0,0.0,0.0,0.0,358.0,0
17227.0,6.0,939.32,741.0,0.0,0.0,0.0,19.0,0
15039.0,47.0,19786.44,9209.0,128.0,18.0,0.0019507965752682346,10.0,0
15919.0,2.0,639.89,545.0,0.0,0.0,0.0,20.0,0
13497.0,2.0,321.05,163.0,27.0,4.0,0.023952095808383235,283.0,0
15860.0,8.0,977.21,440.0,0.0,0.0,0.0,41.0,0
14189.0,15.0,4604.3099999999995,3937.0,49.769999999999996,18.0,0.004551201011378002,2.0,0
15304.0,8.0,680.3000000000001,104.0,14.100000000000001,4.0,0.037037037037037035,61.0,0
14867.0,3.0,701.3299999999999,328.0,8.95,1.0,0.00303951367781155,186.0,0
14344.0,8.0,889.9300000000001,477.0,0.0,0.0,0.0,127.0,0
12474.0,18.0,7116.47,4847.0,259.32,83.0,0.016835699797160243,17.0,0
16719.0,7.0,1773.92,1204.0,16.5,2.0,0.001658374792703151,15.0,0
15048.0,4.0,380.57,195.0,3.4799999999999995,12.0,0.057971014492753624,65.0,0
15301.0,12.0,5028.120000000001,2775.0,42.23,7.0,0.0025161754133716753,51.0,0
14708.0,3.0,1096.6699999999998,621.0,29.700000000000003,6.0,0.009569377990430622,3.0,0
16898.0,3.0,444.46000000000004,419.0,64.35,33.0,0.07300884955752213,26.0,0
14825.0,12.0,2226.91,991.0,0.0,0.0,0.0,4.0,0
18113.0,1.0,76.32000000000001,72.0,0.0,0.0,0.0,369.0,0
17596.0,7.0,2827.93,4400.0,0.0,0.0,0.0,23.0,0
15078.0,32.0,9623.35,5105.0,119.76,36.0,0.007002528690916164,7.0,0
14085.0,18.0,4435.79,3184.0,12.75,1.0,0.0003139717425431711,2.0,0
17860.0,1.0,252.8,104.0,0.0,0.0,0.0,369.0,0
13155.0,4.0,971.76,497.0,0.0,0.0,0.0,33.0,0
15028.0,4.0,627.13,459.0,0.0,0.0,0.0,8.0,0
16919.0,11.0,2596.45,1413.0,0.0,0.0,0.0,156.0,0
17259.0,2.0,603.37,410.0,0.0,0.0,0.0,148.0,0
17019.0,4.0,1272.61,827.0,0.0,0.0,0.0,11.0,0
14487.0,6.0,1183.58,735.0,12.75,1.0,0.001358695652173913,27.0,0
16722.0,13.0,4711.21,5001.0,19.6,12.0,0.0023937761819269898,17.0,0
15882.0,4.0,495.36,276.0,21.0,10.0,0.03496503496503497,199.0,0
14667.0,25.0,9231.2,5385.0,10.0,3.0,0.0005567928730512249,11.0,0
16710.0,10.0,2483.04,1836.0,0.0,0.0,0.0,19.0,0
16550.0,5.0,2266.25,1540.0,32.72,14.0,0.009009009009009009,109.0,0
15984.0,10.0,2816.9700000000003,1843.0,20.7,10.0,0.005396654074473826,3.0,0
17682.0,6.0,2459.33,1367.0,15.0,2.0,0.0014609203798392988,10.0,0
16658.0,1.0,123.24,40.0,0.0,0.0,0.0,368.0,0
17068.0,21.0,4531.34,2164.0,20.8,10.0,0.004599816007359705,12.0,0
15356.0,10.0,2766.5,1673.0,0.0,0.0,0.0,31.0,0
17223.0,2.0,426.79,112.0,0.0,0.0,0.0,310.0,0
16817.0,9.0,1446.95,822.0,157.8,60.0,0.06802721088435375,3.0,0
13030.0,2.0,799.48,394.0,0.0,0.0,0.0,11.0,0
17191.0,7.0,2095.13,1167.0,0.0,0.0,0.0,28.0,0
15194.0,15.0,7521.17,5703.0,95.36,55.0,0.009551927752691907,3.0,0
14409.0,6.0,1908.2500000000002,1230.0,151.20000000000002,72.0,0.055299539170506916,71.0,0
16654.0,4.0,594.97,282.0,6.3,2.0,0.007042253521126761,141.0,0
16861.0,2.0,151.64999999999998,140.0,22.110000000000003,7.0,0.047619047619047616,60.0,0
16138.0,0.0,-7.95,0.0,7.95,1.0,0.0,365.0,1
13481.0,5.0,1776.81,1142.0,27.75,15.0,0.01296456352636128,46.0,0
13495.0,5.0,1990.1200000000001,829.0,54.75,15.0,0.017772511848341232,8.0,0
17519.0,6.0,1839.07,1236.0,4.949999999999999,3.0,0.002421307506053269,17.0,0
17218.0,10.0,1960.72,958.0,0.0,0.0,0.0,4.0,0
17812.0,4.0,732.16,350.0,0.0,0.0,0.0,13.0,0
14215.0,6.0,1777.92,1358.0,11.8,4.0,0.002936857562408223,12.0,0
15602.0,9.0,1083.63,1141.0,214.24,140.0,0.1092896174863388,8.0,-1
17320.0,3.0,1200.6200000000001,634.0,0.0,0.0,0.0,100.0,0
16782.0,13.0,2242.25,712.0,37.65,9.0,0.012482662968099861,10.0,0
12913.0,5.0,2483.63,1419.0,0.0,0.0,0.0,5.0,0
17869.0,5.0,428.18,111.0,0.0,0.0,0.0,107.0,0
13564.0,3.0,647.74,661.0,1101.28,2.0,0.0030165912518853697,144.0,0
14850.0,1.0,278.15,293.0,47.6,8.0,0.026578073089700997,312.0,0
15021.0,9.0,1872.28,847.0,42.54,18.0,0.020809248554913295,9.0,0
13963.0,4.0,664.54,460.0,0.0,0.0,0.0,308.0,0
17450.0,46.0,187482.17,69993.0,7068.62,964.0,0.013585692743492538,8.0,-1
17091.0,9.0,3802.8100000000004,1746.0,24.95,3.0,0.0017152658662092624,3.0,0
17470.0,5.0,1125.07,1675.0,0.0,0.0,0.0,45.0,0
17616.0,3.0,571.1999999999999,224.0,0.0,0.0,0.0,174.0,0
15649.0,2.0,816.0,192.0,0.0,0.0,0.0,336.0,0
12681.0,22.0,13677.59,7536.0,109.94999999999999,18.0,0.0023828435266084196,15.0,0
14907.0,7.0,3478.85,1691.0,22.25,5.0,0.00294811320754717,3.0,0
17735.0,19.0,13110.02,8439.0,0.0,0.0,0.0,2.0,0
16059.0,6.0,1459.8600000000001,643.0,0.0,0.0,0.0,66.0,0
17720.0,4.0,1195.94,576.0,0.0,0.0,0.0,26.0,0
15018.0,3.0,456.26000000000005,189.0,39.95,1.0,0.005263157894736842,39.0,0
14733.0,12.0,9451.539999999999,3764.0,134.37,39.0,0.010255061793321063,16.0,0
13756.0,14.0,5145.120000000001,3188.0,44.400000000000006,24.0,0.007471980074719801,2.0,0
14176.0,4.0,574.0000000000001,209.0,2.9,2.0,0.009478672985781991,297.0,0
13319.0,26.0,10664.340000000002,4724.0,181.21,38.0,0.007979840403191937,5.0,0
15353.0,2.0,777.02,343.0,0.0,0.0,0.0,255.0,0
18119.0,1.0,181.12,125.0,0.0,0.0,0.0,368.0,0
17491.0,10.0,3541.92,2013.0,16.95,1.0,0.0004965243296921549,1.0,0
14282.0,15.0,3729.34,2668.0,0.0,0.0,0.0,3.0,0
13569.0,2.0,373.75,164.0,0.0,0.0,0.0,17.0,0
15498.0,27.0,12396.46,6105.0,919.94,21.0,0.0034280117531831538,3.0,0
14673.0,5.0,1736.4,1004.0,0.0,0.0,0.0,3.0,0
13488.0,13.0,8910.609999999999,4518.0,57.7,6.0,0.001326259946949602,17.0,0
16221.0,3.0,864.86,717.0,0.0,0.0,0.0,37.0,0
15002.0,4.0,1641.76,862.0,0.0,0.0,0.0,116.0,0
15965.0,4.0,845.64,453.0,0.0,0.0,0.0,17.0,0
15024.0,10.0,1661.33,920.0,0.0,0.0,0.0,10.0,0
17675.0,31.0,20098.1,8360.0,276.18,82.0,0.009713338071547027,1.0,0
13769.0,10.0,2771.8700000000003,1163.0,24.64,11.0,0.009369676320272573,2.0,0
16904.0,16.0,3754.27,2034.0,0.0,0.0,0.0,4.0,0
16086.0,5.0,1119.3100000000002,511.0,2.08,1.0,0.001953125,59.0,0
13786.0,1.0,230.39999999999998,136.0,0.0,0.0,0.0,367.0,0
13880.0,13.0,3219.77,1842.0,0.0,0.0,0.0,21.0,0
13173.0,2.0,353.65,277.0,0.0,0.0,0.0,4.0,0
15858.0,5.0,1438.85,1167.0,0.0,0.0,0.0,16.0,0
15180.0,1.0,87.5,36.0,0.0,0.0,0.0,367.0,0
12347.0,7.0,4310.0,2458.0,0.0,0.0,0.0,2.0,0
14739.0,7.0,3899.1000000000004,3820.0,3.18,3.0,0.0007847240387130526,4.0,0
16293.0,10.0,2236.7400000000002,982.0,12.25,4.0,0.004056795131845842,22.0,0
17419.0,12.0,4200.969999999999,1876.0,25.6,4.0,0.002127659574468085,11.0,0
16775.0,11.0,1695.66,440.0,0.0,0.0,0.0,10.0,0
16306.0,6.0,602.27,487.0,29.999999999999996,16.0,0.03180914512922465,214.0,0
16950.0,3.0,1178.56,644.0,0.0,0.0,0.0,57.0,0
17591.0,7.0,2215.0200000000004,1009.0,10.95,1.0,0.0009900990099009901,73.0,0
12839.0,14.0,5583.62,3807.0,7.8,3.0,0.0007874015748031496,3.0,0
13807.0,1.0,112.6,36.0,0.0,0.0,0.0,367.0,0
16125.0,1.0,289.35,124.0,0.0,0.0,0.0,367.0,0
15081.0,5.0,487.35,190.0,17.45,2.0,0.010416666666666666,22.0,0
18102.0,60.0,256438.49,64124.0,3218.81,2.0,3.1188597448772726e-05,1.0,-1
16365.0,9.0,1540.42,504.0,0.0,0.0,0.0,18.0,0
17870.0,12.0,1889.3999999999999,1401.0,4.95,1.0,0.0007132667617689016,2.0,0
14821.0,1.0,48.800000000000004,20.0,0.0,0.0,0.0,367.0,0
16863.0,2.0,481.35,409.0,21.45,17.0,0.03990610328638498,31.0,0
13078.0,26.0,12432.28,5630.0,195.66,73.0,0.012800280554094337,3.0,0
13267.0,19.0,4404.44,1969.0,117.05000000000001,30.0,0.015007503751875938,3.0,0
13050.0,17.0,5684.61,3748.0,152.25,41.0,0.010820797044074954,15.0,0
12709.0,15.0,9294.1,3936.0,442.42,104.0,0.02574257425742574,15.0,0
15628.0,9.0,2865.6400000000003,1894.0,4.6,12.0,0.0062959076600209865,5.0,0
12386.0,2.0,401.9,354.0,0.0,0.0,0.0,338.0,0
14796.0,17.0,7839.51,6025.0,182.98,83.0,0.013588736083824493,1.0,0
16779.0,22.0,10454.050000000001,5325.0,175.67000000000002,89.0,0.01643886220908755,2.0,0
13599.0,21.0,5030.6,3294.0,123.07000000000001,125.0,0.036560397777127815,1.0,0
13329.0,2.0,740.4,463.0,48.60000000000001,36.0,0.07214428857715431,32.0,0
18077.0,11.0,2633.0099999999998,1878.0,0.0,0.0,0.0,8.0,0
14744.0,7.0,1088.53,627.0,11.45,2.0,0.003179650238473768,16.0,0
17406.0,3.0,1928.72,787.0,271.7,3.0,0.0037974683544303796,333.0,0
15750.0,8.0,2451.23,1786.0,14.25,7.0,0.0039040713887339654,3.0,0
13983.0,12.0,2590.46,1183.0,12.969999999999999,13.0,0.010869565217391304,30.0,0
13842.0,9.0,3385.62,1768.0,0.0,0.0,0.0,59.0,0
12441.0,1.0,173.55,121.0,0.0,0.0,0.0,367.0,0
13199.0,38.0,9803.960000000001,6176.0,13.16,4.0,0.0006472491909385113,4.0,0
14032.0,11.0,2929.84,2032.0,45.75,24.0,0.011673151750972763,2.0,0
17706.0,17.0,10097.369999999999,3899.0,407.12000000000006,66.0,0.01664564943253468,4.0,0
16081.0,5.0,2806.9,1477.0,0.0,0.0,0.0,56.0,0
16525.0,26.0,11895.57,7397.0,1131.88,904.0,0.10890254186242622,2.0,-1
14952.0,11.0,7912.79,3355.0,186.7,60.0,0.017569546120058566,60.0,0
17975.0,13.0,4393.610000000001,1568.0,95.2,16.0,0.010101010101010102,15.0,0
16122.0,4.0,684.4200000000001,1128.0,0.0,0.0,0.0,73.0,0
13126.0,8.0,2056.29,2143.0,43.349999999999994,13.0,0.006029684601113173,5.0,0
15973.0,1.0,99.77000000000007,106.0,208.04999999999998,19.0,0.152,367.0,0
16558.0,20.0,8257.039999999999,5377.0,81.45,31.0,0.005732248520710059,1.0,0
16713.0,15.0,6840.2300000000005,4276.0,82.9,12.0,0.002798507462686567,19.0,0
16893.0,1.0,145.93,62.0,0.0,0.0,0.0,367.0,0
15529.0,11.0,3967.78,3496.0,27.450000000000003,7.0,0.0019982871824150727,23.0,0
18043.0,3.0,559.51,282.0,0.0,0.0,0.0,25.0,0
16016.0,8.0,1483.31,620.0,25.45,2.0,0.003215434083601286,3.0,0
17722.0,4.0,2380.64,1595.0,43.4,23.0,0.014215080346106305,96.0,0
17324.0,4.0,990.23,844.0,0.0,0.0,0.0,18.0,0
17341.0,3.0,781.36,489.0,0.0,0.0,0.0,157.0,0
14051.0,23.0,15477.340000000002,3756.0,133.05,15.0,0.003977724741447892,1.0,0
15916.0,8.0,1491.24,757.0,36.85,5.0,0.006561679790026247,16.0,0
16233.0,3.0,422.1300000000001,174.0,114.54999999999998,9.0,0.04918032786885246,71.0,0
16385.0,3.0,555.89,261.0,0.0,0.0,0.0,60.0,0
15032.0,3.0,4464.1,2968.0,495.0,300.0,0.09179926560587515,256.0,-1
17213.0,7.0,2741.08,1176.0,40.15,9.0,0.007594936708860759,40.0,0
18061.0,10.0,2119.41,955.0,0.0,0.0,0.0,22.0,0
13113.0,24.0,10510.0,3050.0,1735.96,456.0,0.13006274957216202,1.0,-1
16553.0,12.0,5664.57,4600.0,55.25,5.0,0.0010857763300760044,163.0,0
13455.0,2.0,1007.3499999999999,354.0,50.99,9.0,0.024793388429752067,25.0,0
14217.0,17.0,1925.3600000000001,689.0,79.62,12.0,0.017118402282453638,2.0,0
17262.0,5.0,1253.3600000000001,367.0,0.0,0.0,0.0,52.0,0
14299.0,9.0,2855.35,2149.0,1110.27,136.0,0.05951859956236324,8.0,0
18259.0,3.0,2338.6000000000004,714.0,0.0,0.0,0.0,25.0,0
17676.0,6.0,1383.27,932.0,4.41,1.0,0.0010718113612004287,4.0,0
16679.0,1.0,129.75,29.0,0.0,0.0,0.0,366.0,0
18269.0,1.0,138.89999999999998,76.0,29.700000000000003,6.0,0.07317073170731707,366.0,0
12766.0,7.0,6989.63,3646.0,0.0,0.0,0.0,4.0,0
15298.0,12.0,3774.0999999999995,3116.0,1025.8,364.0,0.10459770114942529,2.0,-1
18193.0,1.0,212.95999999999998,124.0,30.8,4.0,0.03125,165.0,0
13523.0,5.0,3755.38,1752.0,209.5,7.0,0.003979533826037522,33.0,0
12870.0,0.0,-14.899999999999999,0.0,14.899999999999999,2.0,0.0,365.0,1
15005.0,28.0,6180.49,4247.0,136.08,43.0,0.010023310023310023,16.0,0
15581.0,13.0,3429.9700000000003,287.0,250.0,1.0,0.003472222222222222,121.0,0
15680.0,3.0,1333.68,952.0,0.0,0.0,0.0,9.0,0
13649.0,2.0,346.6,139.0,0.0,0.0,0.0,257.0,0
17894.0,8.0,1119.81,405.0,0.0,0.0,0.0,72.0,0
13270.0,1.0,590.0,200.0,0.0,0.0,0.0,366.0,0
14618.0,3.0,538.59,264.0,14.850000000000001,3.0,0.011235955056179775,9.0,0
14866.0,12.0,14197.449999999999,6752.0,192.45000000000002,183.0,0.02638788752703677,11.0,0
13077.0,4.0,729.27,863.0,0.0,0.0,0.0,1.0,0
13115.0,4.0,2205.63,1567.0,89.15,33.0,0.020625,12.0,0
13531.0,2.0,483.8,174.0,0.0,0.0,0.0,205.0,0
13848.0,3.0,1255.0,3700.0,0.0,0.0,0.0,92.0,0
13140.0,3.0,423.72,186.0,0.0,0.0,0.0,108.0,0
15713.0,2.0,346.75,150.0,9.95,1.0,0.006622516556291391,143.0,0
17999.0,2.0,382.06,221.0,0.0,0.0,0.0,37.0,0
15347.0,1.0,201.60000000000002,130.0,0.0,0.0,0.0,366.0,0
17340.0,11.0,11891.18,5967.0,462.11,65.0,0.010775862068965518,30.0,0
13984.0,5.0,488.03,679.0,432.48,408.0,0.37534498620055196,27.0,-1
15996.0,6.0,1044.78,384.0,15.9,2.0,0.0051813471502590676,88.0,0
14030.0,8.0,2360.09,1479.0,0.0,0.0,0.0,18.0,0
16252.0,0.0,-295.09,0.0,295.09,158.0,0.0,365.0,1
16596.0,2.0,250.15,97.0,0.0,0.0,0.0,16.0,0
16700.0,13.0,5040.0,4024.0,36.55,5.0,0.0012410027302060065,9.0,0
16011.0,16.0,3362.71,2042.0,0.0,0.0,0.0,8.0,0
17655.0,7.0,2571.7400000000002,1116.0,67.2,160.0,0.12539184952978055,11.0,-1
16717.0,6.0,3278.36,1866.0,580.02,298.0,0.1377079482439926,24.0,-1
14243.0,10.0,2535.88,1221.0,52.89,17.0,0.013731825525040387,9.0,0
12963.0,8.0,1841.0300000000002,881.0,15.6,8.0,0.008998875140607425,8.0,0
15079.0,4.0,893.66,389.0,1.95,1.0,0.002564102564102564,213.0,0
14437.0,1.0,-43.400000000000006,60.0,106.4,1.0,0.01639344262295082,366.0,-1
12942.0,3.0,683.9,203.0,0.0,0.0,0.0,131.0,0
15660.0,9.0,1552.01,1050.0,48.85,13.0,0.012229539040451553,25.0,0
18092.0,11.0,9065.76,4252.0,2.5,2.0,0.0004701457451810061,2.0,0
15358.0,22.0,8234.800000000001,7050.0,112.4,123.0,0.017147636971978252,5.0,0
12481.0,10.0,5590.86,3304.0,5.46,14.0,0.004219409282700422,23.0,0
12721.0,6.0,2628.98,1959.0,27.15,5.0,0.0025458248472505093,32.0,0
12621.0,20.0,13612.07,7440.0,77.60000000000001,36.0,0.004815409309791332,2.0,0
18071.0,2.0,453.0,260.0,0.0,0.0,0.0,258.0,0
12683.0,15.0,8221.09,4987.0,255.48,84.0,0.016564780122263853,4.0,0
12755.0,2.0,2203.2,1491.0,1608.7499999999998,625.0,0.2953686200378072,281.0,-1
13854.0,25.0,8025.0199999999995,2296.0,84.5,18.0,0.007778738115816767,9.0,0
12797.0,1.0,194.18,118.0,59.85,39.0,0.2484076433121019,366.0,-1
13369.0,1.0,263.75,149.0,44.53,22.0,0.1286549707602339,366.0,0
12494.0,7.0,1139.3500000000001,707.0,106.75,17.0,0.023480662983425413,16.0,0
17857.0,23.0,26763.34,19256.0,115.69999999999999,170.0,0.008751158241531968,4.0,0
17411.0,3.0,748.94,306.0,30.0,8.0,0.025477707006369428,12.0,0
14932.0,1.0,363.53,80.0,0.0,0.0,0.0,366.0,0
12429.0,4.0,3750.4,1557.0,0.0,0.0,0.0,9.0,0
14987.0,2.0,326.4,128.0,0.0,0.0,0.0,16.0,0
14355.0,1.0,174.4,92.0,0.0,0.0,0.0,366.0,0
17526.0,4.0,706.6999999999999,310.0,489.19999999999993,53.0,0.14600550964187328,5.0,-1
14896.0,2.0,468.77000000000004,279.0,0.0,0.0,0.0,205.0,0
14440.0,5.0,2357.6800000000003,588.0,0.0,0.0,0.0,8.0,0
13240.0,4.0,663.65,298.0,0.0,0.0,0.0,96.0,0
14479.0,2.0,316.25,117.0,0.0,0.0,0.0,254.0,0
16065.0,1.0,372.09,231.0,0.0,0.0,0.0,365.0,0
17430.0,2.0,265.76,190.0,0.0,0.0,0.0,33.0,0
16520.0,3.0,1036.62,558.0,9.95,1.0,0.0017889087656529517,186.0,0
15945.0,1.0,181.0,52.0,0.0,0.0,0.0,365.0,0
15181.0,3.0,680.2799999999999,544.0,9.2,2.0,0.003663003663003663,66.0,0
15856.0,27.0,16173.67,11005.0,213.9,64.0,0.005781913451983016,4.0,0
13102.0,24.0,6336.29,4204.0,87.8,44.0,0.010357815442561206,1.0,0
14205.0,2.0,218.77999999999997,204.0,247.92000000000002,105.0,0.33980582524271846,17.0,-1
17702.0,4.0,1719.7199999999998,1353.0,104.65,33.0,0.023809523809523808,30.0,0
15271.0,15.0,2485.82,1262.0,21.25,5.0,0.003946329913180742,7.0,0
13982.0,4.0,1861.11,1136.0,10.7,4.0,0.0035087719298245615,39.0,0
15288.0,5.0,2306.52,775.0,0.0,0.0,0.0,43.0,0
17978.0,1.0,300.91999999999996,499.0,0.0,0.0,0.0,365.0,0
16795.0,1.0,414.88,239.0,0.0,0.0,0.0,365.0,0
16519.0,2.0,215.07999999999998,54.0,0.0,0.0,0.0,25.0,0
17816.0,4.0,36.56,30.0,0.0,0.0,0.0,37.0,0
13021.0,9.0,2584.4,1352.0,31.98,16.0,0.011695906432748537,4.0,0
16255.0,8.0,2609.2999999999997,1767.0,10.61,7.0,0.003945885005636978,17.0,0
17671.0,4.0,1284.08,772.0,288.63,113.0,0.12768361581920903,16.0,-1
17646.0,3.0,995.66,323.0,12.73,3.0,0.009202453987730062,219.0,0
12649.0,3.0,603.71,586.0,19.799999999999997,12.0,0.020066889632107024,107.0,0
16350.0,4.0,1100.47,545.0,16.0,3.0,0.005474452554744526,21.0,0
12872.0,2.0,599.97,319.0,0.0,0.0,0.0,327.0,0
17339.0,2.0,243.36,152.0,0.0,0.0,0.0,94.0,0
18230.0,7.0,2716.6000000000004,1316.0,93.6,18.0,0.013493253373313344,9.0,0
16499.0,2.0,319.09999999999997,127.0,46.35,5.0,0.03787878787878788,360.0,0
17097.0,8.0,937.92,459.0,16.5,2.0,0.004338394793926247,2.0,0
15192.0,3.0,1044.32,918.0,0.0,0.0,0.0,120.0,0
14441.0,4.0,1545.14,446.0,167.75,16.0,0.03463203463203463,1.0,0
15279.0,1.0,277.40999999999997,189.0,13.100000000000001,4.0,0.02072538860103627,355.0,0
16579.0,0.0,-30.599999999999998,0.0,30.599999999999998,12.0,0.0,365.0,1
15380.0,5.0,1682.3600000000001,376.0,7.9,2.0,0.005291005291005291,9.0,0
17442.0,6.0,2210.2599999999998,1496.0,38.3,6.0,0.0039946737683089215,37.0,0
17950.0,3.0,472.12,366.0,10.08,24.0,0.06153846153846154,72.0,0
12826.0,7.0,1468.1200000000001,1058.0,6.6,4.0,0.003766478342749529,3.0,0
17456.0,1.0,249.86,222.0,0.0,0.0,0.0,365.0,0
17307.0,0.0,-152.64000000000001,0.0,152.64000000000001,144.0,0.0,365.0,1
15811.0,6.0,2171.3199999999997,1071.0,47.3,10.0,0.009250693802035153,22.0,0
13327.0,8.0,3617.57,1600.0,10.2,12.0,0.007444168734491315,39.0,0
17700.0,4.0,2508.89,1266.0,25.75,5.0,0.003933910306845004,17.0,0
13136.0,5.0,2545.38,1328.0,62.23,16.0,0.011904761904761904,56.0,0
15535.0,4.0,459.9,143.0,76.5,14.0,0.08917197452229299,173.0,-1
12605.0,0.0,-7.5,0.0,7.5,4.0,0.0,365.0,1
15329.0,3.0,1005.5,486.0,44.2,10.0,0.020161290322580645,39.0,0
15211.0,2.0,894.4100000000001,240.0,0.0,0.0,0.0,60.0,0
15596.0,5.0,1343.34,561.0,63.25,13.0,0.02264808362369338,101.0,0
16163.0,2.0,441.59999999999997,192.0,415.00000000000006,100.0,0.3424657534246575,232.0,-1
16907.0,5.0,981.65,298.0,0.0,0.0,0.0,29.0,0
17576.0,19.0,3457.7799999999997,1994.0,164.9,40.0,0.01966568338249754,8.0,0
14713.0,11.0,2664.26,1615.0,2.1,2.0,0.0012368583797155227,9.0,0
14702.0,17.0,3250.64,1454.0,41.5,10.0,0.006830601092896175,1.0,0
13230.0,14.0,2763.41,1665.0,43.559999999999995,121.0,0.0677491601343785,4.0,0
13969.0,18.0,8986.69,4542.0,67.25,59.0,0.012823299282764617,7.0,0
17530.0,10.0,2385.0,1526.0,0.0,0.0,0.0,1.0,0
15805.0,17.0,5452.17,3387.0,76.31,50.0,0.014547570555717195,23.0,0
17696.0,8.0,2201.05,1756.0,84.66,26.0,0.014590347923681257,38.0,0
17076.0,3.0,841.0799999999999,295.0,0.0,0.0,0.0,36.0,0
17827.0,5.0,1995.46,1247.0,0.0,0.0,0.0,5.0,0
16265.0,9.0,5423.15,2646.0,23.85,19.0,0.007129455909943715,9.0,0
17880.0,1.0,458.92,314.0,0.0,0.0,0.0,365.0,0
13000.0,3.0,534.85,379.0,0.0,0.0,0.0,107.0,0
17790.0,14.0,1965.55,836.0,0.0,0.0,0.0,27.0,0
12731.0,12.0,18793.41,8437.0,102.5,71.0,0.008345086976962858,24.0,0
14419.0,6.0,1058.06,487.0,0.0,0.0,0.0,11.0,0
14082.0,1.0,182.25,110.0,0.0,0.0,0.0,365.0,0
17912.0,5.0,295.61,185.0,15.399999999999999,2.0,0.0106951871657754,310.0,0
15723.0,1.0,203.1,87.0,0.0,0.0,0.0,365.0,0
16656.0,15.0,8568.24,8894.0,57.56,21.0,0.0023555804823331464,22.0,0
14037.0,2.0,147.20000000000002,46.0,0.0,0.0,0.0,176.0,0
14256.0,2.0,935.0600000000001,414.0,34.0,4.0,0.009569377990430622,260.0,0
14543.0,16.0,2916.17,679.0,714.16,79.0,0.10422163588390501,29.0,-1
16062.0,4.0,1153.62,800.0,0.0,0.0,0.0,10.0,0
18116.0,8.0,1418.03,848.0,0.0,0.0,0.0,68.0,0
16019.0,9.0,3450.2400000000002,1733.0,336.0,84.0,0.04623004953219593,47.0,0
18178.0,4.0,1573.4099999999999,983.0,17.4,4.0,0.004052684903748734,129.0,0
18065.0,14.0,2380.08,1027.0,12.75,3.0,0.002912621359223301,6.0,0
13148.0,12.0,3348.48,1975.0,358.64,147.0,0.06927426955702168,29.0,0
12989.0,15.0,6854.51,2943.0,69.6,28.0,0.009424436216762033,3.0,0
14107.0,7.0,2688.48,1793.0,14.75,5.0,0.0027808676307007787,52.0,0
15881.0,5.0,438.24000000000007,260.0,63.15,61.0,0.19003115264797507,312.0,-1
12785.0,1.0,305.71,131.0,6.24,3.0,0.022388059701492536,364.0,0
16727.0,1.0,272.82,177.0,0.0,0.0,0.0,364.0,0
15514.0,11.0,2963.1899999999996,2160.0,1176.2700000000002,369.0,0.14590747330960854,12.0,-1
13787.0,2.0,309.04,337.0,0.0,0.0,0.0,76.0,0
17865.0,20.0,10158.539999999999,5757.0,367.78,59.0,0.01014442916093535,31.0,0
17220.0,14.0,3198.25,1905.0,0.0,0.0,0.0,24.0,0
16565.0,1.0,173.7,46.0,0.0,0.0,0.0,364.0,0
16873.0,6.0,7066.3099999999995,3840.0,57.31,15.0,0.0038910505836575876,5.0,0
14062.0,12.0,10464.85,5593.0,0.0,0.0,0.0,10.0,0
15179.0,5.0,2186.2,1938.0,20.75,31.0,0.01574403250380904,18.0,0
18016.0,5.0,1483.56,1029.0,0.0,0.0,0.0,32.0,0
14448.0,2.0,375.35,104.0,0.0,0.0,0.0,9.0,0
15503.0,1.0,147.09,74.0,0.0,0.0,0.0,363.0,0
17251.0,1.0,283.28000000000003,110.0,0.0,0.0,0.0,363.0,0
16923.0,19.0,6666.83,3417.0,580.78,234.0,0.06409202958093672,12.0,0
14159.0,11.0,4678.3,4408.0,14.71,13.0,0.002940511196561864,20.0,0
17126.0,5.0,991.85,792.0,12.899999999999999,2.0,0.0025188916876574307,152.0,0
15224.0,2.0,310.47999999999996,152.0,11.6,2.0,0.012987012987012988,358.0,0
14577.0,4.0,859.71,353.0,0.0,0.0,0.0,13.0,0
12753.0,6.0,21024.01,11421.0,405.38,171.0,0.014751552795031056,23.0,0
17236.0,6.0,916.13,474.0,0.0,0.0,0.0,13.0,0
17372.0,8.0,1342.68,749.0,0.0,0.0,0.0,41.0,0
16367.0,2.0,804.49,647.0,0.0,0.0,0.0,37.0,0
12875.0,2.0,343.2300000000001,2019.0,0.0,0.0,0.0,143.0,0
17917.0,3.0,341.28,187.0,0.0,0.0,0.0,45.0,0
16010.0,3.0,407.5,210.0,0.0,0.0,0.0,246.0,0
17085.0,5.0,1555.0500000000002,786.0,11.6,2.0,0.0025380710659898475,123.0,0
13668.0,21.0,6216.07,3742.0,147.52,105.0,0.027293995321029375,3.0,0
14684.0,5.0,1236.28,853.0,0.0,0.0,0.0,26.0,0
17188.0,7.0,2275.58,1328.0,198.65,27.0,0.01992619926199262,11.0,0
15547.0,14.0,4954.84,4032.0,0.0,0.0,0.0,7.0,0
15998.0,5.0,3084.1699999999996,2041.0,5.8,4.0,0.0019559902200488996,37.0,0
14413.0,1.0,122.7,68.0,0.0,0.0,0.0,362.0,0
18004.0,1.0,169.47,78.0,0.0,0.0,0.0,362.0,0
13959.0,3.0,598.2,357.0,0.0,0.0,0.0,79.0,0
16665.0,1.0,135.39999999999998,59.0,0.0,0.0,0.0,362.0,0
15454.0,1.0,179.1,86.0,0.0,0.0,0.0,362.0,0
15044.0,17.0,7629.38,2795.0,70.85,9.0,0.003209700427960057,19.0,0
17937.0,7.0,4301.22,1754.0,0.0,0.0,0.0,9.0,0
14608.0,4.0,1785.15,437.0,0.0,0.0,0.0,4.0,0
17618.0,3.0,971.58,331.0,0.0,0.0,0.0,6.0,0
14505.0,8.0,5818.700000000001,2759.0,86.94,16.0,0.005765765765765766,17.0,0
18037.0,6.0,70.02,20.0,0.0,0.0,0.0,154.0,-1
13198.0,6.0,3384.09,2648.0,17.15,3.0,0.001131648434552999,10.0,0
12540.0,17.0,13309.039999999999,6685.0,91.19999999999999,8.0,0.0011952786493351262,20.0,0
13225.0,7.0,6083.04,3416.0,380.8,64.0,0.01839080459770115,3.0,0
15361.0,1.0,418.92,336.0,0.0,0.0,0.0,362.0,0
15689.0,2.0,254.1,84.0,0.0,0.0,0.0,120.0,0
14290.0,5.0,2307.4500000000003,915.0,7.2,2.0,0.0021810250817884407,11.0,0
13209.0,8.0,5820.16,4253.0,71.45,21.0,0.004913430042115114,30.0,0
13999.0,12.0,3865.2599999999998,2243.0,36.55,12.0,0.005321507760532151,10.0,0
14498.0,5.0,1957.32,1098.0,0.0,0.0,0.0,43.0,0
15854.0,12.0,2974.65,939.0,0.0,0.0,0.0,4.0,0
16701.0,13.0,5150.27,6393.0,248.03,182.0,0.02768060836501901,9.0,0
16927.0,3.0,543.05,993.0,0.0,0.0,0.0,116.0,0
17990.0,3.0,630.84,414.0,0.0,0.0,0.0,237.0,0
14544.0,2.0,2024.45,1543.0,0.0,0.0,0.0,24.0,0
17338.0,8.0,6612.18,3128.0,31.75,5.0,0.0015959144589849984,17.0,0
17231.0,10.0,3127.82,1742.0,46.5,6.0,0.003432494279176201,12.0,0
17799.0,10.0,3026.08,1758.0,29.849999999999998,3.0,0.0017035775127768314,22.0,0
14565.0,4.0,3073.77,1540.0,25.35,8.0,0.00516795865633075,96.0,0
16726.0,5.0,1382.02,977.0,0.0,0.0,0.0,26.0,0
17303.0,1.0,250.04,144.0,0.0,0.0,0.0,361.0,0
14639.0,6.0,2952.3399999999997,1431.0,32.15,3.0,0.0020920502092050207,52.0,0
17611.0,15.0,3947.87,2560.0,36.35,8.0,0.003115264797507788,7.0,0
17179.0,3.0,711.79,290.0,0.0,0.0,0.0,178.0,0
17524.0,1.0,145.0,90.0,0.0,0.0,0.0,361.0,0
12476.0,11.0,6546.58,2408.0,269.84,71.0,0.02864058087938685,16.0,0
17293.0,9.0,1875.1100000000001,1140.0,0.0,0.0,0.0,8.0,0
17890.0,2.0,602.09,416.0,0.0,0.0,0.0,323.0,0
17375.0,3.0,372.5,367.0,27.6,6.0,0.0160857908847185,199.0,0
17371.0,3.0,423.89,152.0,0.0,0.0,0.0,17.0,0
17969.0,2.0,228.2,152.0,0.0,0.0,0.0,166.0,0
15159.0,30.0,18573.68,11441.0,67.33,47.0,0.004091225626740947,2.0,0
13211.0,3.0,1197.42,874.0,0.0,0.0,0.0,10.0,0
15777.0,4.0,1021.6099999999999,378.0,25.5,3.0,0.007874015748031496,241.0,0
14525.0,9.0,4221.37,2696.0,110.83,34.0,0.012454212454212455,20.0,0
13324.0,10.0,7072.8,5205.0,49.14999999999999,5.0,0.0009596928982725527,36.0,0
13802.0,3.0,3906.27,2572.0,693.15,291.0,0.10164163464896961,139.0,-1
13948.0,1.0,102.0,40.0,0.0,0.0,0.0,361.0,0
13008.0,1.0,178.46999999999997,175.0,51.0,60.0,0.2553191489361702,323.0,-1
14206.0,1.0,308.26,276.0,19.9,2.0,0.007194244604316547,239.0,0
16202.0,1.0,365.27,191.0,0.0,0.0,0.0,361.0,0
16442.0,3.0,616.79,446.0,0.0,0.0,0.0,2.0,0
18075.0,10.0,2538.72,1464.0,73.03,27.0,0.018108651911468814,23.0,0
15468.0,2.0,438.46,155.0,29.05,5.0,0.03125,51.0,0
16570.0,10.0,3622.9500000000003,2112.0,115.44999999999999,62.0,0.028518859245630176,15.0,0
14524.0,9.0,1867.68,676.0,0.0,0.0,0.0,32.0,0
18141.0,0.0,-35.400000000000006,0.0,35.400000000000006,12.0,0.0,365.0,1
12434.0,2.0,765.1899999999999,394.0,40.949999999999996,21.0,0.05060240963855422,85.0,0
16810.0,1.0,275.64000000000004,114.0,33.9,2.0,0.017241379310344827,192.0,0
14961.0,9.0,7006.58,3708.0,38.1,16.0,0.004296455424274973,11.0,0
17041.0,3.0,1065.77,951.0,15.8,4.0,0.004188481675392671,27.0,0
16458.0,18.0,3482.7400000000002,2154.0,0.0,0.0,0.0,3.0,0
16083.0,2.0,1317.62,908.0,0.0,0.0,0.0,101.0,0
16262.0,0.0,-31.65,0.0,31.65,5.0,0.0,365.0,1
17194.0,2.0,262.62,119.0,0.0,0.0,0.0,274.0,0
14057.0,17.0,6147.4,4876.0,70.56,168.0,0.03330689928628073,24.0,0
14871.0,4.0,522.38,185.0,0.0,0.0,0.0,3.0,0
13178.0,11.0,5725.47,3570.0,0.0,0.0,0.0,26.0,0
18044.0,10.0,2085.65,1033.0,2.95,1.0,0.0009671179883945841,4.0,0
16812.0,1.0,479.35,81.0,0.0,0.0,0.0,361.0,0
16191.0,13.0,4913.320000000001,3351.0,267.20000000000005,148.0,0.04229779937124893,3.0,0
12370.0,4.0,3545.69,2353.0,0.0,0.0,0.0,51.0,0
14298.0,44.0,50862.44,58343.0,664.86,322.0,0.00548879229523566,8.0,-1
17158.0,3.0,1266.97,778.0,0.0,0.0,0.0,32.0,0
14415.0,13.0,5811.5599999999995,3011.0,88.72,38.0,0.012463102656608724,1.0,0
16899.0,6.0,1281.56,522.0,0.0,0.0,0.0,8.0,0
16531.0,7.0,1244.59,915.0,0.0,0.0,0.0,22.0,0
17404.0,15.0,30300.82,32748.0,1606.0,424.0,0.012781864222838538,4.0,0
16556.0,7.0,3313.79,1890.0,0.0,0.0,0.0,67.0,0
16805.0,2.0,460.59,539.0,0.0,0.0,0.0,174.0,0
16503.0,4.0,1421.43,569.0,10.5,2.0,0.0035026269702276708,107.0,0
17739.0,7.0,2786.0499999999997,861.0,5.300000000000001,5.0,0.005773672055427252,12.0,0
13238.0,4.0,680.83,298.0,19.9,2.0,0.006666666666666667,17.0,0
12829.0,2.0,253.05,376.0,39.95,1.0,0.002652519893899204,337.0,0
13097.0,10.0,5893.32,2363.0,117.1,22.0,0.009224318658280923,33.0,0
12867.0,7.0,3986.2200000000003,4298.0,50.6,24.0,0.005552984729291994,26.0,0
15392.0,4.0,1515.73,1277.0,19.799999999999997,12.0,0.009309542280837859,5.0,0
13846.0,3.0,847.61,388.0,17.45,5.0,0.01272264631043257,25.0,0
14401.0,13.0,4039.98,4507.0,11.5,2.0,0.00044355732978487467,4.0,0
16145.0,11.0,3741.98,3123.0,57.51,51.0,0.01606805293005671,9.0,0
17629.0,8.0,1784.12,1629.0,30.0,8.0,0.004886988393402566,6.0,0
14150.0,2.0,658.64,496.0,0.0,0.0,0.0,36.0,0
13496.0,2.0,617.9300000000001,341.0,35.400000000000006,12.0,0.0339943342776204,11.0,0
13611.0,3.0,1158.2,766.0,13.6,4.0,0.005194805194805195,89.0,0
16954.0,9.0,2085.08,1054.0,0.0,0.0,0.0,1.0,0
17454.0,4.0,517.53,243.0,0.0,0.0,0.0,192.0,0
17449.0,7.0,2504.86,1122.0,16.0,7.0,0.006200177147918512,2.0,0
17230.0,8.0,3466.67,1651.0,171.74,98.0,0.05603201829616924,264.0,-1
12865.0,2.0,1548.07,925.0,20.16,48.0,0.04933196300102775,26.0,0
15950.0,4.0,1705.26,729.0,60.25,7.0,0.009510869565217392,32.0,0
15512.0,2.0,121.0,68.0,0.0,0.0,0.0,156.0,0
17525.0,1.0,422.70000000000005,82.0,0.0,0.0,0.0,360.0,0
13458.0,14.0,9537.92,5508.0,108.65,48.0,0.008639308855291577,7.0,0
14426.0,10.0,3918.9,2699.0,562.77,360.0,0.11768551814318405,24.0,-1
16003.0,5.0,2735.37,1185.0,0.0,0.0,0.0,30.0,0
13092.0,5.0,459.83,279.0,18.0,8.0,0.027874564459930314,71.0,0
13426.0,10.0,3550.7000000000003,2245.0,90.62,21.0,0.009267431597528684,1.0,0
15101.0,2.0,310.03,241.0,7.5,2.0,0.00823045267489712,9.0,0
17033.0,3.0,1030.14,750.0,0.0,0.0,0.0,86.0,0
13221.0,2.0,847.41,244.0,0.0,0.0,0.0,240.0,0
14201.0,7.0,688.0400000000001,590.0,59.400000000000006,12.0,0.019933554817275746,60.0,0
17692.0,4.0,733.4399999999999,672.0,7.5,6.0,0.008849557522123894,127.0,0
15822.0,2.0,885.47,375.0,0.0,0.0,0.0,3.0,0
16134.0,2.0,603.69,371.0,14.399999999999999,14.0,0.03636363636363636,22.0,0
17551.0,1.0,306.84,150.0,0.0,0.0,0.0,359.0,0
18050.0,1.0,74.4,40.0,0.0,0.0,0.0,359.0,0
14913.0,4.0,1227.43,1743.0,0.0,0.0,0.0,36.0,0
12666.0,0.0,-227.44,0.0,227.44,56.0,0.0,365.0,1
15641.0,4.0,1887.2,1562.0,0.0,0.0,0.0,105.0,0
13124.0,3.0,3866.33,2147.0,0.0,0.0,0.0,90.0,0
17214.0,6.0,984.1200000000001,276.0,85.0,1.0,0.0036101083032490976,60.0,0
15456.0,3.0,447.22,660.0,0.0,0.0,0.0,283.0,0
15062.0,4.0,987.86,763.0,0.0,0.0,0.0,71.0,0
12928.0,5.0,2062.7000000000003,1472.0,0.0,0.0,0.0,35.0,0
15727.0,7.0,5178.96,3065.0,0.0,0.0,0.0,17.0,0
17980.0,3.0,811.45,682.0,0.0,0.0,0.0,166.0,0
15290.0,18.0,7803.77,4501.0,139.45,70.0,0.015313935681470138,5.0,0
17752.0,1.0,80.64,192.0,0.0,0.0,0.0,359.0,0
15615.0,23.0,10360.039999999999,5508.0,39.7,15.0,0.0027159152634437804,10.0,0
12577.0,3.0,595.4,472.0,62.400000000000006,6.0,0.012552301255230125,35.0,0
17044.0,1.0,897.4300000000001,504.0,51.05,17.0,0.03262955854126679,25.0,0
13829.0,0.0,-102.0,0.0,102.0,12.0,0.0,365.0,1
17633.0,4.0,1242.34,644.0,82.5,14.0,0.02127659574468085,31.0,0
13266.0,12.0,3717.6699999999996,4428.0,116.59,129.0,0.028308097432521395,11.0,0
17820.0,0.0,-24.05,0.0,24.05,5.0,0.0,365.0,1
15664.0,1.0,358.63,157.0,27.799999999999997,16.0,0.09248554913294797,51.0,0
17189.0,2.0,384.40000000000003,227.0,0.0,0.0,0.0,106.0,0
17496.0,1.0,271.05,79.0,0.0,0.0,0.0,359.0,0
16607.0,14.0,3038.67,2859.0,309.04,37.0,0.012776243093922652,18.0,0
13317.0,6.0,2140.0699999999997,1035.0,133.61,32.0,0.02999062792877226,66.0,0
13890.0,10.0,1860.8600000000001,831.0,22.95,5.0,0.005980861244019139,1.0,0
17001.0,11.0,3989.57,2164.0,0.0,0.0,0.0,1.0,0
15246.0,2.0,514.15,247.0,0.0,0.0,0.0,238.0,0
16996.0,6.0,1427.46,544.0,29.500000000000004,10.0,0.018050541516245487,30.0,0
15482.0,12.0,6568.719999999999,5020.0,4486.24,2022.0,0.2871343368361261,16.0,-1
16037.0,3.0,855.02,428.0,0.0,0.0,0.0,270.0,0
14841.0,6.0,3295.76,1778.0,0.0,0.0,0.0,53.0,0
16670.0,11.0,4022.46,2556.0,73.44,32.0,0.012364760432766615,17.0,0
16985.0,10.0,5461.62,1832.0,2.5,2.0,0.0010905125408942203,17.0,0
16705.0,20.0,13946.13,5476.0,88.86,18.0,0.0032763014197306154,1.0,0
16470.0,4.0,757.4399999999999,531.0,4.95,1.0,0.0018796992481203006,52.0,0
14414.0,7.0,1485.13,2512.0,11.850000000000001,3.0,0.0011928429423459245,92.0,0
15563.0,4.0,1319.69,1501.0,80.75,41.0,0.026588845654993514,22.0,0
12980.0,9.0,7092.06,886.0,282.84000000000003,22.0,0.024229074889867842,158.0,0
16746.0,18.0,6694.3099999999995,4665.0,3.3499999999999996,3.0,0.0006426735218508997,5.0,0
14878.0,9.0,1485.54,802.0,0.0,0.0,0.0,13.0,0
16743.0,7.0,2191.84,2047.0,46.25,37.0,0.017754318618042227,29.0,0
17146.0,3.0,749.78,212.0,0.0,0.0,0.0,106.0,0
12877.0,12.0,1535.77,1178.0,0.0,0.0,0.0,4.0,0
15394.0,4.0,2183.54,910.0,0.0,0.0,0.0,10.0,0
14621.0,5.0,1765.7600000000002,993.0,22.6,6.0,0.006006006006006006,1.0,0
15379.0,7.0,3631.89,2305.0,71.4,12.0,0.005179110919292188,169.0,0
14309.0,9.0,2319.6800000000003,1633.0,32.85,14.0,0.008500303582270795,8.0,0
17288.0,7.0,1419.73,1203.0,0.0,0.0,0.0,9.0,0
14709.0,13.0,4911.14,2484.0,9.9,2.0,0.0008045052292839903,15.0,0
15157.0,3.0,1869.5,2392.0,66.57,150.0,0.059008654602675056,4.0,0
17744.0,6.0,2291.08,3412.0,31.32,36.0,0.010440835266821345,4.0,0
16316.0,8.0,2755.56,1484.0,183.35000000000002,18.0,0.011984021304926764,64.0,0
15620.0,3.0,1524.4,915.0,28.78,16.0,0.017185821697099892,57.0,0
15789.0,1.0,351.3,438.0,0.0,0.0,0.0,358.0,0
16560.0,2.0,816.51,504.0,24.900000000000002,6.0,0.011764705882352941,27.0,0
13534.0,25.0,5613.08,2961.0,257.0,85.0,0.027905449770190414,2.0,0
17580.0,3.0,215.72,88.0,0.0,0.0,0.0,253.0,0
14777.0,0.0,-17.45,0.0,17.45,9.0,0.0,365.0,1
15759.0,3.0,253.04,60.0,0.0,0.0,0.0,218.0,0
14373.0,1.0,76.55,17.0,0.0,0.0,0.0,358.0,0
18176.0,1.0,448.65000000000003,283.0,27.7,4.0,0.013937282229965157,358.0,0
15366.0,2.0,602.51,621.0,0.0,0.0,0.0,75.0,0
14735.0,32.0,5807.69,2264.0,258.0,104.0,0.04391891891891892,4.0,0
16271.0,5.0,1423.29,1038.0,5.95,1.0,0.0009624639076034649,3.0,0
18223.0,14.0,6315.23,2948.0,169.31,58.0,0.01929474384564205,5.0,0
15532.0,4.0,1517.0800000000002,521.0,63.849999999999994,13.0,0.024344569288389514,25.0,0
16816.0,4.0,417.06,274.0,0.0,0.0,0.0,103.0,0
16684.0,28.0,65892.08,50255.0,761.48,865.0,0.01692097026604069,4.0,-1
14334.0,8.0,2539.46,1731.0,12.75,1.0,0.0005773672055427252,17.0,0
16945.0,19.0,4345.5,2725.0,0.0,0.0,0.0,22.0,0
14643.0,2.0,668.61,815.0,25.200000000000003,60.0,0.06857142857142857,170.0,0
15197.0,3.0,656.44,469.0,423.17,16.0,0.032989690721649485,11.0,0
14220.0,2.0,632.4,272.0,0.0,0.0,0.0,247.0,0
13874.0,1.0,540.45,180.0,0.0,0.0,0.0,358.0,0
18260.0,6.0,2595.0000000000005,1478.0,48.2,9.0,0.00605245460659045,173.0,0
17848.0,9.0,901.1999999999999,398.0,0.0,0.0,0.0,81.0,0
17392.0,2.0,457.91,320.0,0.0,0.0,0.0,307.0,0
12348.0,4.0,1797.24,2341.0,0.0,0.0,0.0,75.0,0
14985.0,2.0,296.75,260.0,0.0,0.0,0.0,198.0,0
13004.0,18.0,5613.43,4822.0,42.480000000000004,26.0,0.005363036303630363,12.0,0
14560.0,22.0,2174.18,1260.0,63.59,37.0,0.028527370855821126,7.0,0
12931.0,15.0,33462.81,28004.0,8593.15,4627.0,0.14179767705556065,22.0,-1
13627.0,5.0,1624.02,1269.0,14.45,3.0,0.0023584905660377358,59.0,0
12551.0,1.0,168.0,100.0,0.0,0.0,0.0,358.0,0
12782.0,5.0,2273.32,1086.0,57.6,16.0,0.014519056261343012,5.0,0
14769.0,8.0,10641.6,7436.0,33.15,30.0,0.004018215912135012,3.0,0
15780.0,3.0,475.28000000000003,220.0,0.0,0.0,0.0,184.0,0
12417.0,9.0,3578.7999999999997,1552.0,70.3,13.0,0.008306709265175719,3.0,0
17315.0,38.0,6204.46,3888.0,87.80000000000001,32.0,0.00816326530612245,2.0,0
16711.0,5.0,1651.03,833.0,0.0,0.0,0.0,3.0,0
12726.0,7.0,2609.1,3143.0,0.0,0.0,0.0,28.0,0
15204.0,1.0,316.58,258.0,0.0,0.0,0.0,357.0,0
17888.0,8.0,525.78,980.0,200.26999999999998,549.0,0.3590582079790713,21.0,-1
17007.0,6.0,877.4300000000001,597.0,12.5,10.0,0.016474464579901153,51.0,0
15160.0,1.0,158.16,84.0,0.0,0.0,0.0,357.0,0
14016.0,4.0,4328.46,2125.0,12.75,1.0,0.00047036688617121356,162.0,0
13033.0,1.0,190.55,83.0,0.0,0.0,0.0,357.0,0
12691.0,6.0,1035.8,394.0,0.0,0.0,0.0,28.0,0
13869.0,4.0,3104.95,1721.0,0.0,0.0,0.0,123.0,0
14146.0,5.0,2949.5699999999997,2437.0,1241.43,551.0,0.18440428380187415,9.0,-1
12705.0,9.0,6814.24,3997.0,54.050000000000004,24.0,0.005968664511315593,15.0,0
16885.0,3.0,471.51,184.0,0.0,0.0,0.0,15.0,0
17913.0,2.0,411.6,289.0,0.0,0.0,0.0,59.0,0
12668.0,4.0,3743.1800000000003,1634.0,63.97,39.0,0.023311416616855946,12.0,0
14472.0,8.0,1936.84,1160.0,0.0,0.0,0.0,104.0,0
17358.0,2.0,365.85,202.0,0.0,0.0,0.0,303.0,0
16686.0,7.0,3043.48,2030.0,19.35,5.0,0.002457002457002457,47.0,0
18245.0,7.0,2507.56,1788.0,59.5,7.0,0.0038997214484679664,7.0,0
17343.0,1.0,193.64,56.0,0.0,0.0,0.0,355.0,0
18256.0,0.0,-50.1,0.0,50.1,70.0,0.0,365.0,1
16153.0,5.0,1824.23,1073.0,0.0,0.0,0.0,50.0,0
12377.0,2.0,1628.12,944.0,0.0,0.0,0.0,315.0,0
14646.0,74.0,279489.02,197491.0,717.0,772.0,0.003893817807659523,2.0,-1
12944.0,2.0,604.51,289.0,0.0,0.0,0.0,36.0,0
15312.0,4.0,921.1,516.0,3.75,3.0,0.005780346820809248,75.0,0
14099.0,11.0,3092.9700000000003,2179.0,11.2,2.0,0.0009170105456212746,16.0,0
14113.0,4.0,1377.92,745.0,462.5,110.0,0.1286549707602339,4.0,-1
13104.0,6.0,1098.48,504.0,0.0,0.0,0.0,3.0,0
17204.0,4.0,1352.9099999999999,646.0,211.65,57.0,0.08108108108108109,175.0,-1
13027.0,6.0,6912.0,17280.0,0.0,0.0,0.0,114.0,0
17621.0,3.0,1336.1000000000001,514.0,43.8,4.0,0.007722007722007722,21.0,0
17090.0,7.0,2041.8500000000001,921.0,2.1,1.0,0.0010845986984815619,4.0,0
14119.0,0.0,-19.9,0.0,19.9,2.0,0.0,365.0,1
15527.0,8.0,2348.82,992.0,80.96000000000001,4.0,0.004016064257028112,19.0,0
18097.0,6.0,2692.8500000000004,1686.0,4.95,1.0,0.0005927682276229994,8.0,0
15460.0,1.0,216.76,109.0,0.0,0.0,0.0,354.0,0
15034.0,8.0,4277.66,2422.0,30.95,11.0,0.004521167283189478,16.0,0
12423.0,8.0,1849.11,1339.0,10.2,12.0,0.008882309400444115,1.0,0
12678.0,12.0,17588.26,10923.0,40.2,24.0,0.0021923814743765417,42.0,0
15208.0,5.0,867.62,316.0,2.5,2.0,0.006289308176100629,1.0,0
17306.0,19.0,8600.73,11491.0,30.580000000000002,21.0,0.0018241834607366227,11.0,0
14737.0,3.0,1164.55,345.0,0.0,0.0,0.0,4.0,0
13029.0,3.0,1247.5,134.0,0.0,0.0,0.0,31.0,0
16270.0,1.0,1141.24,688.0,0.0,0.0,0.0,353.0,0
13487.0,3.0,575.4,265.0,0.0,0.0,0.0,58.0,0
12515.0,1.0,383.7,131.0,0.0,0.0,0.0,353.0,0
17400.0,5.0,2129.96,1097.0,0.0,0.0,0.0,126.0,0
17593.0,5.0,3911.56,3101.0,15.78,6.0,0.0019311232700354038,4.0,0
13953.0,7.0,3515.68,2724.0,0.0,0.0,0.0,7.0,0
14533.0,7.0,1812.62,4019.0,137.10000000000002,1242.0,0.23607679148450864,25.0,-1
12734.0,1.0,110.39999999999999,88.0,0.0,0.0,0.0,353.0,0
14944.0,12.0,5842.95,2815.0,57.300000000000004,14.0,0.00494874513962531,30.0,0
17239.0,1.0,379.95,150.0,2.55,1.0,0.006622516556291391,313.0,0
14532.0,4.0,932.85,284.0,0.0,0.0,0.0,236.0,0
12383.0,5.0,1839.31,1532.0,11.25,3.0,0.001954397394136808,185.0,0
15562.0,1.0,134.55,39.0,0.0,0.0,0.0,352.0,0
15587.0,4.0,913.6800000000001,312.0,0.0,0.0,0.0,50.0,0
13922.0,1.0,172.25,93.0,0.0,0.0,0.0,352.0,0
13817.0,2.0,382.98,211.0,0.0,0.0,0.0,29.0,0
12585.0,2.0,1982.81,1279.0,57.29,21.0,0.016153846153846154,234.0,0
13165.0,2.0,1021.48,1376.0,0.0,0.0,0.0,46.0,0
13304.0,1.0,300.42,238.0,0.0,0.0,0.0,351.0,0
13313.0,5.0,1555.32,851.0,0.0,0.0,0.0,22.0,0
16875.0,5.0,2023.4700000000003,1069.0,72.06,25.0,0.022851919561243144,67.0,0
16282.0,1.0,168.3,114.0,0.0,0.0,0.0,340.0,0
12957.0,8.0,3979.04,2549.0,38.5,18.0,0.007012076353720296,10.0,0
14462.0,11.0,1965.9,964.0,38.120000000000005,32.0,0.0321285140562249,66.0,0
13397.0,5.0,1539.18,430.0,4.95,1.0,0.002320185614849188,73.0,0
13680.0,4.0,2202.3100000000004,1936.0,1520.11,669.0,0.25681381957773514,1.0,-1
12483.0,8.0,2327.13,1110.0,157.85,13.0,0.01157613535173642,17.0,0
15164.0,3.0,843.05,360.0,0.0,0.0,0.0,69.0,0
17457.0,5.0,1737.7,826.0,0.0,0.0,0.0,127.0,0
14732.0,8.0,2686.34,1405.0,16.15,3.0,0.002130681818181818,8.0,0
14221.0,9.0,3427.8500000000004,2191.0,4.95,1.0,0.0004562043795620438,42.0,0
14553.0,5.0,859.27,493.0,0.0,0.0,0.0,19.0,0
13253.0,2.0,1030.4,1572.0,0.0,0.0,0.0,157.0,0
17389.0,34.0,31300.08,7612.0,533.6,182.0,0.023351295868616884,1.0,0
12578.0,2.0,2753.36,1196.0,41.15,25.0,0.020475020475020474,21.0,0
15841.0,4.0,1209.1,942.0,14.959999999999999,16.0,0.016701461377870562,73.0,0
16112.0,4.0,195.73999999999998,574.0,0.0,0.0,0.0,143.0,0
13629.0,11.0,7792.36,4372.0,0.0,0.0,0.0,23.0,0
16600.0,6.0,813.52,1145.0,0.0,0.0,0.0,4.0,0
15661.0,2.0,309.8,236.0,0.0,0.0,0.0,317.0,0
16532.0,3.0,6748.8,2016.0,0.0,0.0,0.0,18.0,0
15266.0,1.0,119.3,18.0,0.0,0.0,0.0,338.0,0
14653.0,7.0,1947.55,950.0,0.0,0.0,0.0,1.0,0
16771.0,5.0,2246.81,1489.0,0.0,0.0,0.0,33.0,0
17585.0,4.0,1133.07,1671.0,0.0,0.0,0.0,109.0,0
15046.0,15.0,5064.009999999999,3451.0,149.76,144.0,0.040055632823365786,9.0,0
13082.0,9.0,3595.48,4324.0,18.15,11.0,0.0025374855824682814,126.0,0
15464.0,1.0,1048.85,350.0,0.0,0.0,0.0,338.0,0
18226.0,11.0,5192.1,3466.0,35.95,7.0,0.0020155485171321624,44.0,0
18062.0,3.0,720.52,396.0,0.0,0.0,0.0,173.0,0
12415.0,21.0,123725.45,77670.0,1189.08,428.0,0.005480293989602807,24.0,-1
12503.0,0.0,-1126.0,0.0,1126.0,1.0,0.0,365.0,1
17368.0,8.0,1349.52,1391.0,563.15,711.0,0.33824928639391055,23.0,-1
14258.0,9.0,12650.08,7100.0,19.9,2.0,0.000281610813855252,9.0,0
15719.0,13.0,5043.96,2725.0,1.65,1.0,0.00036683785766691124,33.0,0
13368.0,2.0,623.4,327.0,0.0,0.0,0.0,257.0,0
17634.0,9.0,2361.9700000000003,840.0,0.0,0.0,0.0,36.0,0
16676.0,4.0,1558.72,636.0,33.4,5.0,0.0078003120124804995,34.0,0
16424.0,1.0,82.56,88.0,51.0,6.0,0.06382978723404255,191.0,0
18283.0,16.0,2094.88,1397.0,0.0,0.0,0.0,4.0,0
12735.0,2.0,779.5699999999999,368.0,0.0,0.0,0.0,315.0,0
13764.0,3.0,1521.76,932.0,0.0,0.0,0.0,71.0,0
13656.0,2.0,379.65,490.0,0.0,0.0,0.0,165.0,0
12413.0,3.0,694.15,286.0,63.95,4.0,0.013793103448275862,67.0,0
14312.0,6.0,1611.59,1012.0,0.0,0.0,0.0,47.0,0
13280.0,3.0,814.86,522.0,0.0,0.0,0.0,122.0,0
15845.0,8.0,3650.87,1926.0,60.9,8.0,0.004136504653567736,18.0,0
16094.0,4.0,1041.83,647.0,36.4,14.0,0.02118003025718608,12.0,0
13187.0,1.0,236.02,95.0,0.0,0.0,0.0,337.0,0
16567.0,2.0,865.6,996.0,0.0,0.0,0.0,194.0,0
14828.0,3.0,2139.76,2172.0,0.0,0.0,0.0,197.0,0
12530.0,4.0,1623.6299999999999,913.0,38.650000000000006,13.0,0.014038876889848811,60.0,0
16551.0,3.0,922.12,970.0,0.0,0.0,0.0,96.0,0
16889.0,3.0,1578.67,925.0,0.0,0.0,0.0,195.0,0
16473.0,3.0,314.86,196.0,1.25,1.0,0.005076142131979695,165.0,0
13750.0,5.0,1647.26,516.0,0.0,0.0,0.0,54.0,0
12501.0,1.0,2089.68,1783.0,79.71000000000001,61.0,0.03308026030368764,337.0,0
15607.0,1.0,104.76,202.0,0.0,0.0,0.0,337.0,0
15139.0,2.0,178.96,208.0,0.0,0.0,0.0,240.0,0
12489.0,1.0,334.93,105.0,0.0,0.0,0.0,336.0,0
17707.0,2.0,152.4,144.0,0.0,0.0,0.0,185.0,0
18198.0,17.0,5083.06,4074.0,342.5,235.0,0.05453701554885124,4.0,0
12484.0,6.0,4495.27,2191.0,46.45,6.0,0.0027309968138370506,33.0,0
18179.0,6.0,1793.17,1360.0,0.0,0.0,0.0,9.0,0
17284.0,6.0,1641.6799999999998,1364.0,10.9,2.0,0.0014641288433382138,60.0,0
13233.0,2.0,605.12,1004.0,0.0,0.0,0.0,74.0,0
14889.0,1.0,135.9,90.0,0.0,0.0,0.0,336.0,0
12480.0,4.0,3281.63,1707.0,0.0,0.0,0.0,28.0,0
14672.0,2.0,765.55,454.0,0.0,0.0,0.0,235.0,0
13593.0,5.0,1990.2800000000002,731.0,46.8,24.0,0.031788079470198675,108.0,0
13162.0,4.0,1644.99,1713.0,43.3,50.0,0.02836074872376631,122.0,0
13183.0,9.0,3957.78,2208.0,0.0,0.0,0.0,8.0,0
17095.0,3.0,1088.2,618.0,235.95999999999998,5.0,0.008025682182985553,23.0,0
12939.0,8.0,11581.8,4876.0,0.0,0.0,0.0,64.0,0
15611.0,13.0,1568.39,504.0,23.060000000000002,6.0,0.011764705882352941,10.0,0
17114.0,8.0,747.22,219.0,61.4,9.0,0.039473684210526314,6.0,0
15059.0,9.0,1325.82,604.0,11.9,2.0,0.0033003300330033004,41.0,0
16326.0,14.0,3085.96,709.0,25.0,20.0,0.027434842249657063,6.0,0
17128.0,1.0,157.09,76.0,0.0,0.0,0.0,335.0,0
14761.0,2.0,255.9,118.0,0.0,0.0,0.0,59.0,0
17555.0,2.0,483.26,349.0,0.0,0.0,0.0,20.0,0
12651.0,1.0,114.0,78.0,0.0,0.0,0.0,335.0,0
16735.0,5.0,2269.21,1573.0,31.349999999999998,19.0,0.01193467336683417,79.0,0
16833.0,4.0,1106.53,440.0,0.0,0.0,0.0,1.0,0
17800.0,9.0,1199.01,736.0,0.0,0.0,0.0,37.0,0
16748.0,5.0,1515.9,880.0,0.0,0.0,0.0,18.0,0
14755.0,11.0,4965.38,2219.0,44.900000000000006,2.0,0.0009004952723998199,10.0,0
16549.0,10.0,4154.64,2365.0,0.0,0.0,0.0,10.0,0
13565.0,2.0,240.22,172.0,0.0,0.0,0.0,19.0,0
15799.0,3.0,884.14,955.0,0.0,0.0,0.0,76.0,0
18032.0,1.0,73.5,42.0,0.0,0.0,0.0,334.0,0
13451.0,5.0,2916.4500000000003,2149.0,59.699999999999996,6.0,0.0027842227378190253,26.0,0
14794.0,7.0,1272.1100000000001,673.0,47.8,4.0,0.005908419497784343,3.0,0
12539.0,4.0,3852.5000000000005,2067.0,1715.85,1.0,0.00048355899419729207,22.0,0
12500.0,11.0,4206.2699999999995,2678.0,51.55,7.0,0.0026070763500931097,23.0,0
18171.0,5.0,1208.51,481.0,22.8,4.0,0.008247422680412371,59.0,0
16279.0,3.0,1496.6799999999998,1054.0,12.9,2.0,0.001893939393939394,21.0,0
12524.0,8.0,4485.72,3699.0,0.0,0.0,0.0,9.0,0
17811.0,39.0,7677.71,4177.0,160.02,49.0,0.01159488878371983,4.0,0
16850.0,1.0,332.41,249.0,0.0,0.0,0.0,334.0,0
14321.0,5.0,1530.75,2406.0,0.0,0.0,0.0,11.0,0
15326.0,1.0,311.71,386.0,0.0,0.0,0.0,334.0,0
17849.0,4.0,605.8000000000001,114.0,0.0,0.0,0.0,218.0,0
13672.0,2.0,-71.46000000000001,57.0,257.85,58.0,0.5043478260869565,301.0,-1
14229.0,3.0,1450.6000000000001,610.0,96.6,20.0,0.031746031746031744,52.0,0
13107.0,4.0,1524.0700000000002,1293.0,7.550000000000001,5.0,0.003852080123266564,44.0,0
16497.0,6.0,2965.69,1396.0,0.0,0.0,0.0,50.0,0
16303.0,3.0,5305.83,2659.0,54.8,38.0,0.014089729328883945,26.0,0
15281.0,9.0,2239.9500000000003,1211.0,92.2,18.0,0.014646053702196907,59.0,0
12736.0,1.0,234.0,173.0,0.0,0.0,0.0,333.0,0
13473.0,2.0,417.53999999999996,266.0,5.1,6.0,0.022058823529411766,61.0,0
14320.0,2.0,343.11,325.0,134.68,86.0,0.20924574209245742,207.0,-1
12393.0,4.0,1582.6000000000001,816.0,0.0,0.0,0.0,72.0,0
17742.0,2.0,355.11,89.0,0.0,0.0,0.0,113.0,0
16351.0,1.0,153.9,90.0,0.0,0.0,0.0,333.0,0
12601.0,5.0,569.5600000000001,245.0,7.5,1.0,0.0040650406504065045,190.0,0
13144.0,1.0,110.95,21.0,0.0,0.0,0.0,333.0,0
15346.0,1.0,252.42000000000002,144.0,0.0,0.0,0.0,333.0,0
15370.0,7.0,2360.55,830.0,25.5,2.0,0.002403846153846154,41.0,0
12643.0,6.0,3344.64,1808.0,0.0,0.0,0.0,128.0,0
14295.0,1.0,154.70000000000002,84.0,11.5,2.0,0.023255813953488372,40.0,0
16034.0,3.0,437.7,242.0,0.0,0.0,0.0,196.0,0
17365.0,8.0,4801.56,4777.0,0.0,0.0,0.0,13.0,0
15189.0,41.0,15802.14,6149.0,423.25,114.0,0.018202139549736547,1.0,0
14669.0,3.0,1269.99,775.0,0.0,0.0,0.0,242.0,0
18095.0,2.0,580.0500000000001,419.0,0.0,0.0,0.0,313.0,0
15518.0,8.0,1911.89,1273.0,30.56,11.0,0.008566978193146417,64.0,0
15749.0,3.0,21535.9,18028.0,22998.4,9014.0,0.3333333333333333,235.0,-1
14209.0,6.0,2067.1299999999997,691.0,6.300000000000001,3.0,0.004322766570605188,11.0,0
15569.0,5.0,1375.71,666.0,0.0,0.0,0.0,104.0,0
12728.0,4.0,836.33,419.0,0.0,0.0,0.0,71.0,0
17569.0,1.0,344.14,159.0,0.0,0.0,0.0,332.0,0
13784.0,11.0,2462.79,2493.0,0.0,0.0,0.0,10.0,0
12724.0,4.0,1031.41,445.0,0.0,0.0,0.0,5.0,0
13862.0,8.0,2187.31,1688.0,22.05,6.0,0.0035419126328217238,18.0,0
16791.0,7.0,1706.28,763.0,15.5,4.0,0.005215123859191656,29.0,0
16235.0,5.0,858.41,330.0,8.9,2.0,0.006024096385542169,41.0,0
14270.0,1.0,492.65000000000003,197.0,0.0,0.0,0.0,332.0,0
12665.0,1.0,61.75,37.0,1.25,1.0,0.02631578947368421,325.0,0
12523.0,11.0,1745.57,865.0,44.2,4.0,0.004602991944764097,19.0,0
16655.0,6.0,3794.52,2367.0,0.0,0.0,0.0,18.0,0
16359.0,9.0,1460.3700000000001,1183.0,290.55,29.0,0.02392739273927393,7.0,0
16554.0,3.0,641.5500000000001,402.0,195.54999999999998,91.0,0.1845841784989858,42.0,-1
12359.0,4.0,6245.53,1622.0,127.05,10.0,0.006127450980392157,58.0,0
15939.0,15.0,6102.26,4728.0,12.75,3.0,0.0006341154090044388,90.0,0
14587.0,9.0,1598.24,761.0,2.9,2.0,0.002621231979030144,19.0,0
14715.0,4.0,867.38,521.0,0.0,0.0,0.0,25.0,0
14185.0,1.0,197.65,6.0,0.0,0.0,0.0,331.0,0
12437.0,18.0,4896.66,2923.0,54.75,5.0,0.0017076502732240437,2.0,0
14040.0,12.0,3542.19,1554.0,72.72999999999999,30.0,0.01893939393939394,41.0,0
12652.0,1.0,914.53,505.0,5.45,3.0,0.005905511811023622,331.0,0
14514.0,3.0,1055.35,589.0,0.0,0.0,0.0,61.0,0
15171.0,1.0,1034.5,290.0,254.99999999999997,100.0,0.2564102564102564,331.0,-1
14167.0,4.0,574.84,150.0,0.0,0.0,0.0,39.0,0
17048.0,3.0,864.32,485.0,61.03,11.0,0.02217741935483871,118.0,0
17364.0,11.0,4455.7300000000005,2701.0,25.45,21.0,0.007714915503306392,1.0,0
13284.0,1.0,196.15,91.0,5.04,12.0,0.11650485436893204,331.0,0
16500.0,6.0,400.86,123.0,0.0,0.0,0.0,5.0,0
12951.0,6.0,1042.07,503.0,22.0,3.0,0.005928853754940711,9.0,0
15835.0,4.0,954.09,439.0,0.0,0.0,0.0,44.0,0
18190.0,2.0,274.51000000000005,140.0,9.95,1.0,0.0070921985815602835,192.0,0
13993.0,9.0,3409.6600000000003,900.0,56.7,8.0,0.00881057268722467,43.0,0
14114.0,2.0,386.53,101.0,0.0,0.0,0.0,274.0,0
15447.0,1.0,155.17,85.0,0.0,0.0,0.0,331.0,0
16315.0,1.0,226.37,75.0,0.0,0.0,0.0,331.0,0
14978.0,5.0,1931.42,525.0,0.0,0.0,0.0,72.0,0
16395.0,5.0,1486.9,1476.0,0.0,0.0,0.0,61.0,0
15510.0,1.0,250.0,2.0,0.0,0.0,0.0,331.0,0
13614.0,4.0,1610.46,570.0,0.0,0.0,0.0,24.0,0
13246.0,6.0,1922.1,1602.0,65.2,50.0,0.03026634382566586,18.0,0
15687.0,9.0,2981.5,1310.0,11.6,2.0,0.001524390243902439,9.0,0
16493.0,4.0,1329.66,1164.0,21.97,51.0,0.04197530864197531,80.0,0
12490.0,10.0,5417.93,3064.0,0.0,0.0,0.0,5.0,0
12672.0,1.0,225.89999999999998,78.0,0.0,0.0,0.0,330.0,0
13385.0,1.0,534.57,281.0,0.0,0.0,0.0,330.0,0
15626.0,2.0,675.8,766.0,0.0,0.0,0.0,75.0,0
12553.0,10.0,3652.25,1965.0,40.029999999999994,41.0,0.020438683948155532,8.0,0
15213.0,2.0,325.05,272.0,3.3,2.0,0.0072992700729927005,319.0,0
14175.0,3.0,3108.0600000000004,1515.0,114.24,54.0,0.03441682600382409,60.0,0
18106.0,1.0,430.7,128.0,0.0,0.0,0.0,330.0,0
15033.0,10.0,2571.02,1695.0,15.65,3.0,0.0017667844522968198,5.0,0
14329.0,7.0,4928.74,3095.0,86.1,20.0,0.006420545746388443,17.0,0
16401.0,12.0,4061.24,3882.0,37.08,24.0,0.006144393241167435,1.0,0
16206.0,4.0,537.0600000000001,272.0,0.0,0.0,0.0,55.0,0
13782.0,6.0,912.0,371.0,0.0,0.0,0.0,13.0,0
12924.0,4.0,929.95,481.0,3.75,1.0,0.002074688796680498,88.0,0
16593.0,3.0,330.03,116.0,0.0,0.0,0.0,51.0,0
13700.0,10.0,2265.12,2304.0,0.0,0.0,0.0,26.0,0
13064.0,4.0,1119.49,516.0,0.0,0.0,0.0,13.0,0
13048.0,4.0,1805.91,1238.0,30.0,8.0,0.006420545746388443,14.0,0
18069.0,5.0,2021.8200000000002,1311.0,14.850000000000001,3.0,0.00228310502283105,26.0,0
13634.0,5.0,1575.16,704.0,0.0,0.0,0.0,33.0,0
16843.0,16.0,10183.82,10159.0,12.75,5.0,0.0004919323101141283,43.0,0
17064.0,3.0,859.35,318.0,0.0,0.0,0.0,59.0,0
17609.0,5.0,1103.92,723.0,8.3,2.0,0.002758620689655172,41.0,0
15673.0,4.0,2881.02,1514.0,0.0,0.0,0.0,88.0,0
12626.0,9.0,6388.349999999999,3453.0,232.13,103.0,0.028965129358830145,23.0,0
14976.0,7.0,765.86,234.0,25.0,4.0,0.01680672268907563,57.0,0
12388.0,6.0,2780.66,1462.0,0.0,0.0,0.0,16.0,0
13527.0,7.0,2263.76,1692.0,23.75,19.0,0.011104617182933957,34.0,0
15696.0,8.0,2644.46,1028.0,92.0,6.0,0.005802707930367505,33.0,0
15316.0,1.0,165.0,100.0,0.0,0.0,0.0,327.0,0
12673.0,2.0,610.52,351.0,0.0,0.0,0.0,5.0,0
15296.0,6.0,3610.31,1766.0,62.55,9.0,0.0050704225352112674,51.0,0
17988.0,7.0,191.17000000000002,43.0,9.95,1.0,0.022727272727272728,12.0,0
12820.0,4.0,942.34,722.0,0.0,0.0,0.0,3.0,0
13001.0,13.0,9797.92,5505.0,20.9,8.0,0.0014511155450752766,4.0,0
14101.0,6.0,5976.79,6942.0,0.0,0.0,0.0,74.0,0
14238.0,1.0,146.85,111.0,0.0,0.0,0.0,326.0,0
17730.0,13.0,5288.830000000001,3576.0,9.65,9.0,0.002510460251046025,3.0,0
13929.0,2.0,802.85,143.0,39.8,4.0,0.027210884353741496,169.0,0
14657.0,4.0,838.27,466.0,9.95,1.0,0.0021413276231263384,18.0,0
13859.0,1.0,201.16,129.0,0.0,0.0,0.0,326.0,0
18212.0,1.0,248.42,101.0,0.0,0.0,0.0,326.0,0
14292.0,9.0,4819.33,1663.0,52.6,20.0,0.011883541295306001,8.0,0
13883.0,5.0,2538.75,1436.0,135.73,68.0,0.04521276595744681,11.0,0
18233.0,1.0,440.0,4.0,0.0,0.0,0.0,326.0,0
17018.0,2.0,920.1,176.0,0.0,0.0,0.0,41.0,0
14242.0,2.0,280.55,123.0,0.0,0.0,0.0,235.0,0
12356.0,3.0,2811.43,1591.0,0.0,0.0,0.0,23.0,0
12346.0,1.0,0.0,74215.0,77183.6,74215.0,0.5,326.0,-1
13898.0,1.0,155.93,133.0,0.0,0.0,0.0,326.0,0
16948.0,3.0,435.02,1614.0,0.0,0.0,0.0,139.0,0
16997.0,3.0,702.0,360.0,0.0,0.0,0.0,288.0,0
12527.0,3.0,348.71000000000004,234.0,0.0,0.0,0.0,82.0,0
15395.0,1.0,107.45,17.0,0.0,0.0,0.0,326.0,0
12510.0,2.0,982.5699999999999,353.0,0.0,0.0,0.0,143.0,0
13693.0,0.0,-32.0,0.0,32.0,6.0,0.0,365.0,1
13263.0,35.0,7454.07,4780.0,0.0,0.0,0.0,1.0,0
14428.0,5.0,1230.1399999999999,436.0,14.690000000000001,8.0,0.018018018018018018,7.0,0
12451.0,5.0,8933.52,6575.0,102.0,120.0,0.017923823749066467,11.0,0
12422.0,3.0,803.5600000000001,370.0,0.0,0.0,0.0,96.0,0
17708.0,2.0,267.08,91.0,0.0,0.0,0.0,188.0,0
14090.0,1.0,76.32000000000001,72.0,0.0,0.0,0.0,325.0,0
15606.0,9.0,2422.64,892.0,497.52,172.0,0.16165413533834586,61.0,-1
15831.0,3.0,747.76,1105.0,54.0,8.0,0.0071877807726864335,58.0,0
13310.0,3.0,1083.6299999999999,587.0,48.400000000000006,12.0,0.02003338898163606,28.0,0
14916.0,4.0,1264.84,1136.0,4.14,4.0,0.0035087719298245615,71.0,0
17602.0,6.0,5050.77,4151.0,52.2,16.0,0.003839692824574034,2.0,0
14572.0,7.0,2803.69,1428.0,29.15,3.0,0.0020964360587002098,3.0,0
13502.0,3.0,292.0,264.0,0.0,0.0,0.0,17.0,0
14784.0,2.0,289.99,237.0,0.0,0.0,0.0,26.0,0
15938.0,5.0,404.58,240.0,0.0,0.0,0.0,112.0,0
12637.0,8.0,5953.25,3002.0,68.65,12.0,0.003981420039814201,67.0,0
17418.0,2.0,463.46000000000004,289.0,0.0,0.0,0.0,42.0,0
14779.0,3.0,386.15,84.0,0.0,0.0,0.0,281.0,0
16321.0,5.0,230.70000000000005,135.0,142.95,57.0,0.296875,72.0,-1
15262.0,1.0,178.95000000000002,73.0,0.0,0.0,0.0,324.0,0
17862.0,1.0,330.9,100.0,0.0,0.0,0.0,324.0,0
16892.0,5.0,496.84,239.0,28.7,4.0,0.01646090534979424,1.0,0
12402.0,1.0,225.6,94.0,0.0,0.0,0.0,323.0,0
17771.0,2.0,245.81,287.0,0.0,0.0,0.0,57.0,0
15422.0,2.0,97.7,38.0,0.0,0.0,0.0,323.0,0
14770.0,2.0,876.42,490.0,0.0,0.0,0.0,232.0,0
16912.0,11.0,2528.67,1029.0,46.709999999999994,15.0,0.014367816091954023,29.0,0
15174.0,1.0,135.75,145.0,0.0,0.0,0.0,323.0,0
14895.0,20.0,11020.26,4851.0,118.44999999999999,28.0,0.005738880918220947,8.0,0
12594.0,10.0,3320.2200000000003,1777.0,18.0,1.0,0.0005624296962879641,38.0,0
17504.0,9.0,2745.2799999999997,1664.0,251.75,208.0,0.1111111111111111,206.0,-1
16387.0,1.0,94.36,44.0,0.0,0.0,0.0,323.0,0
12664.0,9.0,4863.88,1203.0,18.0,1.0,0.0008305647840531562,8.0,0
16618.0,5.0,2630.6400000000003,1363.0,16.95,1.0,0.0007331378299120235,31.0,0
17277.0,2.0,1065.3500000000001,430.0,0.0,0.0,0.0,228.0,0
14088.0,13.0,50415.49,12665.0,76.32000000000001,72.0,0.005652822485671665,10.0,0
17094.0,1.0,270.2,152.0,31.8,4.0,0.02564102564102564,322.0,0
14692.0,4.0,582.05,265.0,9.5,10.0,0.03636363636363636,137.0,0
12970.0,4.0,452.24,310.0,0.0,0.0,0.0,7.0,0
17889.0,2.0,203.87,79.0,0.0,0.0,0.0,212.0,0
17644.0,11.0,2768.98,1793.0,126.66,52.0,0.028184281842818428,1.0,0
17714.0,1.0,153.0,92.0,0.0,0.0,0.0,321.0,0
12916.0,4.0,2982.35,1119.0,23.799999999999997,8.0,0.00709849157054126,139.0,0
17769.0,10.0,3960.63,1862.0,37.35,5.0,0.002678093197643278,13.0,0
14450.0,3.0,483.25,241.0,0.0,0.0,0.0,181.0,0
16085.0,5.0,981.51,636.0,0.0,0.0,0.0,23.0,0
13659.0,2.0,1550.8500000000001,894.0,22.35,15.0,0.0165016501650165,206.0,0
15167.0,1.0,163.0,67.0,0.0,0.0,0.0,321.0,0
15443.0,7.0,3212.16,1663.0,24.75,3.0,0.001800720288115246,2.0,0
14224.0,4.0,1050.12,514.0,0.0,0.0,0.0,110.0,0
13742.0,12.0,3102.42,1124.0,28.599999999999998,8.0,0.007067137809187279,17.0,0
17673.0,6.0,1622.2199999999998,1487.0,6.9,2.0,0.001343183344526528,2.0,0
12727.0,7.0,3947.7,2098.0,33.0,13.0,0.006158218853623875,11.0,0
14068.0,1.0,265.85,73.0,0.0,0.0,0.0,320.0,0
13068.0,2.0,344.0,200.0,0.0,0.0,0.0,10.0,0
14368.0,1.0,155.0,36.0,0.0,0.0,0.0,320.0,0
15497.0,2.0,1259.7,624.0,2.5,2.0,0.003194888178913738,18.0,0
12559.0,2.0,536.21,283.0,25.5,2.0,0.007017543859649123,311.0,0
13819.0,3.0,1140.35,1109.0,0.0,0.0,0.0,302.0,0
14501.0,2.0,190.31,161.0,60.89999999999999,42.0,0.20689655172413793,184.0,-1
14782.0,1.0,200.10000000000002,114.0,0.0,0.0,0.0,320.0,0
17861.0,8.0,2059.2000000000003,1988.0,41.6,20.0,0.0099601593625498,3.0,0
14439.0,1.0,2661.24,526.0,0.0,0.0,0.0,320.0,0
18161.0,5.0,1612.79,812.0,5.9,2.0,0.002457002457002457,15.0,0
15820.0,1.0,206.98,128.0,0.0,0.0,0.0,320.0,0
18136.0,3.0,761.83,379.0,22.5,6.0,0.015584415584415584,63.0,0
16660.0,4.0,810.4499999999998,571.0,457.2,120.0,0.1736613603473227,16.0,-1
12693.0,4.0,830.9599999999999,255.0,24.95,5.0,0.019230769230769232,127.0,0
12625.0,2.0,2614.32,1612.0,69.5,35.0,0.021250758955676987,212.0,0
13396.0,2.0,1325.29,600.0,35.7,8.0,0.013157894736842105,29.0,0
12935.0,7.0,2156.45,1853.0,4.25,1.0,0.0005393743257820927,2.0,0
16730.0,3.0,702.79,994.0,40.32,96.0,0.08807339449541285,52.0,0
14541.0,8.0,1461.65,647.0,0.0,0.0,0.0,59.0,0
13551.0,1.0,91.80000000000001,12.0,0.0,0.0,0.0,319.0,0
12421.0,4.0,806.27,484.0,0.77,1.0,0.002061855670103093,16.0,0
15797.0,4.0,2207.4,873.0,0.0,0.0,0.0,113.0,0
15052.0,1.0,215.78,82.0,0.0,0.0,0.0,319.0,0
14130.0,1.0,483.86,258.0,0.0,0.0,0.0,319.0,0
15222.0,1.0,585.0,440.0,0.0,0.0,0.0,319.0,0
13615.0,1.0,399.99,189.0,17.700000000000003,6.0,0.03076923076923077,319.0,0
13901.0,5.0,2867.2,1739.0,0.0,0.0,0.0,72.0,0
13158.0,4.0,1201.06,784.0,0.0,0.0,0.0,95.0,0
14257.0,5.0,3087.2700000000004,1682.0,12.450000000000001,5.0,0.002963841138114997,64.0,0
15218.0,11.0,5756.89,3329.0,0.0,0.0,0.0,11.0,0
15110.0,4.0,970.25,246.0,25.85,6.0,0.023809523809523808,24.0,0
14534.0,18.0,4075.3500000000004,2047.0,371.7,122.0,0.05624711848778239,3.0,0
15967.0,2.0,418.83,211.0,0.0,0.0,0.0,23.0,0
16757.0,1.0,106.83000000000001,81.0,0.0,0.0,0.0,319.0,0
12854.0,3.0,1289.15,627.0,35.35,5.0,0.007911392405063292,79.0,0
13815.0,4.0,4014.9100000000003,2560.0,12.450000000000001,3.0,0.0011705033164260631,22.0,0
18008.0,9.0,2116.19,1581.0,0.0,0.0,0.0,70.0,0
18277.0,1.0,97.63,68.0,12.75,1.0,0.014492753623188406,58.0,0
14389.0,2.0,999.72,729.0,43.74,27.0,0.03571428571428571,65.0,0
13703.0,1.0,99.5,10.0,0.0,0.0,0.0,318.0,0
15339.0,2.0,557.57,416.0,16.5,2.0,0.004784688995215311,66.0,0
12744.0,7.0,9120.390000000001,5241.0,12158.9,7.0,0.0013338414634146342,52.0,0
16222.0,1.0,846.72,365.0,0.0,0.0,0.0,318.0,0
14341.0,8.0,2166.38,1403.0,15.9,2.0,0.0014234875444839859,45.0,0
13168.0,4.0,1310.14,682.0,9.05,2.0,0.0029239766081871343,36.0,0
16943.0,3.0,816.73,145.0,0.0,0.0,0.0,212.0,0
17515.0,4.0,639.02,243.0,0.0,0.0,0.0,31.0,0
17082.0,2.0,2003.85,1049.0,0.0,0.0,0.0,33.0,0
14248.0,1.0,302.58,102.0,0.0,0.0,0.0,318.0,0
12609.0,3.0,1126.85,648.0,0.0,0.0,0.0,78.0,0
13002.0,1.0,120.94999999999999,73.0,0.0,0.0,0.0,318.0,0
16133.0,33.0,14305.660000000002,8888.0,283.38,150.0,0.0165965921664085,4.0,0
13049.0,2.0,656.6800000000001,268.0,0.0,0.0,0.0,64.0,0
14548.0,2.0,652.8,256.0,0.0,0.0,0.0,151.0,0
13405.0,3.0,572.451,165.0,0.0,0.0,0.0,74.0,0
14049.0,4.0,5639.150000000001,3870.0,42.57,24.0,0.0061633281972265025,17.0,0
16043.0,4.0,773.99,503.0,0.0,0.0,0.0,38.0,0
15812.0,5.0,1801.14,922.0,0.0,0.0,0.0,107.0,0
13837.0,2.0,271.24,183.0,0.0,0.0,0.0,212.0,0
17118.0,1.0,157.02,154.0,0.0,0.0,0.0,318.0,0
14616.0,3.0,406.08000000000004,104.0,0.0,0.0,0.0,243.0,0
14233.0,4.0,1447.51,680.0,15.209999999999999,9.0,0.013062409288824383,49.0,0
17075.0,4.0,813.77,292.0,20.35,3.0,0.010169491525423728,18.0,0
16714.0,3.0,911.53,610.0,250.0,2.0,0.0032679738562091504,219.0,0
13098.0,28.0,28658.879999999997,15968.0,223.56,57.0,0.0035569422776911075,1.0,0
17027.0,6.0,848.5899999999999,421.0,41.7,6.0,0.01405152224824356,79.0,0
12591.0,1.0,452.84999999999997,228.0,0.0,0.0,0.0,317.0,0
17786.0,2.0,278.74,200.0,0.0,0.0,0.0,85.0,0
16124.0,1.0,187.15,48.0,61.849999999999994,7.0,0.12727272727272726,317.0,0
16409.0,5.0,2028.88,1306.0,0.0,0.0,0.0,36.0,0
13754.0,2.0,282.59999999999997,214.0,0.0,0.0,0.0,152.0,0
15227.0,5.0,1219.4,750.0,0.0,0.0,0.0,37.0,0
12997.0,4.0,1197.94,664.0,28.95,16.0,0.023529411764705882,22.0,0
15215.0,3.0,615.99,225.0,118.95,14.0,0.058577405857740586,47.0,0
16918.0,6.0,1043.34,721.0,25.479999999999997,13.0,0.017711171662125342,50.0,0
16882.0,3.0,705.12,424.0,0.0,0.0,0.0,67.0,0
14442.0,2.0,1544.62,482.0,45.2,7.0,0.014314928425357873,205.0,0
16496.0,3.0,1562.22,1111.0,37.3,20.0,0.01768346595932803,9.0,0
12764.0,1.0,1693.88,386.0,0.0,0.0,0.0,317.0,0
17311.0,2.0,1384.85,1005.0,0.0,0.0,0.0,78.0,0
15910.0,8.0,1232.18,1015.0,0.0,0.0,0.0,1.0,0
16949.0,6.0,1161.27,791.0,125.0,1.0,0.0012626262626262627,4.0,0
14970.0,4.0,1592.06,250.0,0.0,0.0,0.0,68.0,0
14701.0,9.0,2486.22,932.0,63.15,23.0,0.024083769633507852,11.0,0
12645.0,4.0,1755.38,1084.0,19.799999999999997,12.0,0.010948905109489052,34.0,0
12468.0,2.0,724.0400000000001,366.0,5.5,2.0,0.005434782608695652,188.0,0
16767.0,11.0,5580.6,4435.0,0.0,0.0,0.0,31.0,0
14738.0,7.0,1289.94,601.0,24.509999999999998,25.0,0.039936102236421724,43.0,0
17540.0,2.0,570.4,194.0,8.5,1.0,0.005128205128205128,25.0,0
14239.0,11.0,2323.5,993.0,57.35,7.0,0.007,43.0,0
18125.0,4.0,1141.34,804.0,1.65,1.0,0.0012422360248447205,30.0,0
13328.0,1.0,1308.48,680.0,0.0,0.0,0.0,316.0,0
15549.0,3.0,1655.76,698.0,37.5,10.0,0.014124293785310734,77.0,0
15864.0,6.0,1769.7800000000002,1192.0,166.54000000000002,148.0,0.11044776119402985,22.0,-1
14662.0,4.0,771.17,602.0,0.0,0.0,0.0,29.0,0
17180.0,4.0,780.38,683.0,15.649999999999999,3.0,0.004373177842565598,56.0,0
15057.0,2.0,1489.5,668.0,0.0,0.0,0.0,275.0,0
12574.0,1.0,218.45,61.0,0.0,0.0,0.0,316.0,0
13330.0,3.0,1140.93,751.0,0.0,0.0,0.0,93.0,0
13552.0,12.0,3539.53,1417.0,200.54,31.0,0.021408839779005526,66.0,0
12853.0,6.0,1881.7,800.0,75.4,18.0,0.022004889975550123,135.0,0
13538.0,7.0,1280.85,175.0,0.0,0.0,0.0,43.0,0
16755.0,3.0,1484.6299999999999,1064.0,12.2,6.0,0.005607476635514018,114.0,0
14133.0,3.0,590.34,348.0,15.3,6.0,0.01694915254237288,130.0,0
16523.0,21.0,9295.670000000002,4265.0,122.8,32.0,0.007447056085641145,2.0,0
14659.0,9.0,2456.5299999999997,1195.0,73.4,12.0,0.009942004971002486,9.0,0
13141.0,5.0,2385.8,1548.0,2.95,1.0,0.0006455777921239509,85.0,0
15365.0,7.0,1330.4500000000003,1084.0,983.87,326.0,0.23120567375886525,26.0,-1
13707.0,2.0,806.41,351.0,0.0,0.0,0.0,267.0,0
13709.0,13.0,6249.110000000001,3516.0,78.94,15.0,0.004248088360237893,4.0,0
17329.0,2.0,523.11,142.0,0.0,0.0,0.0,14.0,0
14805.0,4.0,554.65,115.0,0.0,0.0,0.0,15.0,0
16897.0,2.0,213.02999999999997,73.0,76.75,15.0,0.17045454545454544,299.0,2
15579.0,2.0,348.6,120.0,0.0,0.0,0.0,69.0,0
14595.0,6.0,1740.6,978.0,0.0,0.0,0.0,20.0,0
13161.0,1.0,112.75,29.0,0.0,0.0,0.0,313.0,0
15415.0,1.0,572.8100000000001,575.0,0.0,0.0,0.0,313.0,0
17431.0,1.0,403.3,292.0,0.0,0.0,0.0,313.0,0
17463.0,5.0,1881.3600000000001,1095.0,15.05,5.0,0.004545454545454545,16.0,0
14502.0,11.0,2351.02,1498.0,119.65,15.0,0.00991407799074686,20.0,0
12528.0,6.0,1922.28,756.0,11.2,6.0,0.007874015748031496,9.0,0
15448.0,1.0,494.64,232.0,0.0,0.0,0.0,313.0,0
17314.0,8.0,2514.76,1896.0,13.16,12.0,0.006289308176100629,25.0,0
17373.0,4.0,646.92,408.0,0.0,0.0,0.0,40.0,0
18145.0,4.0,2861.55,2625.0,0.0,0.0,0.0,13.0,0
14467.0,4.0,598.76,278.0,0.0,0.0,0.0,18.0,0
12908.0,2.0,246.0,1200.0,504.0,1200.0,0.5,176.0,-1
15144.0,17.0,6530.04,3050.0,50.400000000000006,24.0,0.007807417046193884,8.0,0
14776.0,11.0,2195.58,3134.0,342.72,446.0,0.12458100558659217,51.0,-1
16403.0,1.0,161.05,114.0,16.45,11.0,0.088,312.0,0
16407.0,10.0,2126.93,1124.0,0.0,0.0,0.0,13.0,0
17619.0,1.0,218.52,127.0,0.0,0.0,0.0,312.0,0
12778.0,6.0,804.23,825.0,18.0,1.0,0.0012106537530266344,20.0,0
17256.0,2.0,240.0,141.0,0.0,0.0,0.0,107.0,0
17604.0,2.0,309.36,169.0,0.0,0.0,0.0,217.0,0
14006.0,3.0,962.19,641.0,0.0,0.0,0.0,116.0,0
13600.0,1.0,219.52,324.0,0.0,0.0,0.0,312.0,0
15058.0,11.0,2124.9900000000002,1069.0,0.0,0.0,0.0,25.0,0
17147.0,4.0,1679.6399999999999,882.0,34.95,4.0,0.004514672686230248,23.0,0
13881.0,20.0,16989.52,10118.0,170.0,56.0,0.00550422645960291,4.0,0
16612.0,4.0,1187.66,506.0,0.0,0.0,0.0,33.0,0
14627.0,0.0,-21.85,0.0,21.85,5.0,0.0,365.0,1
17356.0,1.0,178.22,166.0,0.0,0.0,0.0,312.0,0
12477.0,6.0,13117.01,3653.0,102.72999999999999,33.0,0.008952794357026587,23.0,0
12836.0,4.0,2612.86,1064.0,0.0,0.0,0.0,59.0,0
13939.0,3.0,556.75,847.0,11.8,4.0,0.004700352526439483,23.0,0
16745.0,17.0,7170.7,6735.0,23.6,8.0,0.0011864155420436007,87.0,0
13606.0,3.0,280.53999999999996,279.0,0.0,0.0,0.0,29.0,0
13494.0,1.0,316.26000000000005,162.0,0.0,0.0,0.0,312.0,0
12929.0,1.0,105.1,37.0,12.75,1.0,0.02631578947368421,312.0,0
16419.0,6.0,959.48,436.0,12.75,1.0,0.002288329519450801,113.0,0
17035.0,2.0,388.33000000000004,229.0,45.2,28.0,0.10894941634241245,246.0,0
15203.0,6.0,1827.8,1753.0,0.0,0.0,0.0,26.0,0
16515.0,5.0,1627.13,833.0,0.0,0.0,0.0,52.0,0
12373.0,1.0,364.6,197.0,0.0,0.0,0.0,311.0,0
18202.0,3.0,1396.99,581.0,0.0,0.0,0.0,200.0,0
12775.0,5.0,1351.24,877.0,34.8,24.0,0.026637069922308545,17.0,0
14549.0,1.0,289.24,136.0,0.0,0.0,0.0,311.0,0
15981.0,8.0,3408.48,1866.0,0.0,0.0,0.0,25.0,0
16110.0,3.0,1337.48,733.0,0.0,0.0,0.0,45.0,0
17376.0,2.0,203.2,86.0,0.0,0.0,0.0,71.0,0
13110.0,7.0,1452.8700000000001,388.0,35.8,4.0,0.01020408163265306,31.0,0
16716.0,2.0,319.80000000000007,120.0,581.4,76.0,0.3877551020408163,267.0,-1
12676.0,6.0,1331.39,670.0,0.0,0.0,0.0,25.0,0
15940.0,1.0,31.799999999999997,4.0,4.0,1.0,0.2,311.0,-1
15971.0,12.0,4199.85,1717.0,0.0,0.0,0.0,18.0,0
14665.0,5.0,1258.38,740.0,577.32,240.0,0.24489795918367346,61.0,-1
14457.0,1.0,113.64,88.0,0.0,0.0,0.0,311.0,0
15589.0,3.0,456.58000000000004,243.0,21.95,1.0,0.004098360655737705,256.0,0
14411.0,1.0,1063.0,196.0,0.0,0.0,0.0,311.0,0
17560.0,5.0,854.95,651.0,0.0,0.0,0.0,95.0,0
15226.0,1.0,154.41,71.0,0.0,0.0,0.0,311.0,0
14460.0,3.0,383.34,881.0,51.0,12.0,0.013437849944008958,110.0,0
16156.0,9.0,3024.62,1308.0,97.42,38.0,0.02823179791976226,9.0,0
13728.0,6.0,1016.14,458.0,0.0,0.0,0.0,37.0,0
14127.0,3.0,709.71,321.0,0.0,0.0,0.0,123.0,0
16378.0,3.0,362.95,267.0,0.0,0.0,0.0,247.0,0
13894.0,3.0,535.97,354.0,28.65,15.0,0.04065040650406504,24.0,0
13824.0,5.0,1698.94,768.0,0.0,0.0,0.0,33.0,0
18250.0,1.0,342.91999999999996,199.0,6.35,1.0,0.005,310.0,0
15270.0,7.0,2298.2,1521.0,81.28999999999999,62.0,0.03916614024005054,16.0,0
14188.0,6.0,2018.91,1162.0,35.45,17.0,0.01441899915182358,31.0,0
18017.0,3.0,523.0,300.0,0.0,0.0,0.0,81.0,0
15421.0,4.0,950.36,500.0,0.0,0.0,0.0,59.0,0
17446.0,2.0,120.9,198.0,0.0,0.0,0.0,177.0,0
12414.0,3.0,562.41,300.0,0.0,0.0,0.0,217.0,0
14798.0,3.0,173.74,150.0,0.0,0.0,0.0,53.0,0
12990.0,3.0,409.5,200.0,0.0,0.0,0.0,31.0,0
12350.0,1.0,334.4,197.0,0.0,0.0,0.0,310.0,0
16992.0,5.0,1601.86,860.0,12.45,3.0,0.0034762456546929316,11.0,0
17337.0,4.0,1944.3200000000002,1269.0,83.55000000000001,29.0,0.02234206471494607,151.0,0
16405.0,2.0,167.25,187.0,0.0,0.0,0.0,302.0,0
17071.0,9.0,2385.48,1197.0,43.55,15.0,0.012376237623762377,28.0,0
13873.0,3.0,381.70000000000005,140.0,7.9,2.0,0.014084507042253521,120.0,0
17362.0,2.0,312.23,191.0,0.0,0.0,0.0,239.0,0
13394.0,8.0,2312.8,2392.0,207.22,177.0,0.0688984040482678,2.0,0
12502.0,5.0,3723.87,820.0,0.0,0.0,0.0,96.0,0
16333.0,22.0,26626.8,32184.0,0.0,0.0,0.0,8.0,0
16030.0,1.0,331.24,283.0,0.0,0.0,0.0,310.0,0
14044.0,4.0,652.82,308.0,0.0,0.0,0.0,27.0,0
13800.0,1.0,558.32,331.0,0.0,0.0,0.0,310.0,0
17672.0,2.0,3106.62,1690.0,71.55,18.0,0.01053864168618267,50.0,0
12464.0,8.0,1212.05,112.0,0.0,0.0,0.0,10.0,0
13581.0,1.0,118.0,30.0,0.0,0.0,0.0,309.0,0
14540.0,3.0,996.26,421.0,0.0,0.0,0.0,10.0,0
13539.0,3.0,605.84,320.0,25.5,6.0,0.018404907975460124,86.0,0
15885.0,3.0,379.35,111.0,0.0,0.0,0.0,93.0,0
14497.0,1.0,457.47,235.0,17.9,2.0,0.008438818565400843,309.0,0
17507.0,2.0,605.58,359.0,0.0,0.0,0.0,262.0,0
13208.0,6.0,1205.9,804.0,18.0,18.0,0.021897810218978103,59.0,0
17334.0,2.0,306.59999999999997,315.0,0.42,1.0,0.0031645569620253164,302.0,0
13871.0,13.0,6389.8,2806.0,13.450000000000001,5.0,0.0017787264318747777,23.0,0
16938.0,4.0,1903.13,2540.0,833.2500000000001,1515.0,0.37361282367447596,9.0,-1
12754.0,3.0,2949.12,6481.0,61.620000000000005,2.0,0.00030849915162733303,236.0,0
12410.0,2.0,681.0799999999999,211.0,12.25,2.0,0.009389671361502348,309.0,0
17929.0,4.0,834.5,108.0,8.5,1.0,0.009174311926605505,11.0,0
14778.0,2.0,730.86,306.0,0.0,0.0,0.0,127.0,0
17517.0,1.0,153.94,102.0,0.0,0.0,0.0,309.0,0
17226.0,1.0,393.49,406.0,0.0,0.0,0.0,309.0,0
13137.0,8.0,3605.08,2226.0,45.33,1.0,0.000449034575662326,11.0,0
13725.0,8.0,1809.81,806.0,170.75,147.0,0.15424973767051417,50.0,-1
13309.0,5.0,1456.79,1544.0,0.0,0.0,0.0,7.0,0
12842.0,2.0,1118.99,547.0,0.0,0.0,0.0,70.0,0
16109.0,2.0,611.88,612.0,0.0,0.0,0.0,219.0,0
17291.0,1.0,550.8000000000001,72.0,0.0,0.0,0.0,308.0,0
15090.0,1.0,381.32,208.0,0.0,0.0,0.0,308.0,0
15199.0,4.0,1268.7,396.0,0.0,0.0,0.0,59.0,0
13911.0,9.0,2580.91,2731.0,0.0,0.0,0.0,57.0,0
14194.0,21.0,11216.75,5840.0,132.77,57.0,0.009665931829743938,5.0,0
14842.0,4.0,2456.8,1166.0,367.89,20.0,0.016863406408094434,44.0,0
13584.0,1.0,142.4,37.0,0.0,0.0,0.0,307.0,0
17105.0,2.0,665.78,693.0,0.0,0.0,0.0,159.0,0
14438.0,1.0,131.9,82.0,0.0,0.0,0.0,306.0,0
12956.0,1.0,108.07,34.0,0.0,0.0,0.0,306.0,0
15781.0,3.0,333.56,180.0,11.9,2.0,0.01098901098901099,25.0,0
14410.0,9.0,576.3,573.0,528.77,280.0,0.32825322391559203,92.0,-1
14600.0,1.0,393.33000000000004,125.0,0.0,0.0,0.0,306.0,0
17302.0,5.0,1119.93,575.0,15.7,2.0,0.0034662045060658577,15.0,0
17613.0,14.0,4509.370000000001,2496.0,49.78,26.0,0.010309278350515464,23.0,0
13334.0,3.0,3536.82,1774.0,0.0,0.0,0.0,82.0,0
13955.0,2.0,322.96,154.0,0.0,0.0,0.0,154.0,0
17162.0,10.0,1707.21,1001.0,8.25,1.0,0.000998003992015968,29.0,0
17774.0,4.0,1215.46,512.0,9.95,1.0,0.001949317738791423,97.0,0
13809.0,1.0,155.05,29.0,0.0,0.0,0.0,305.0,0
15407.0,4.0,1056.44,558.0,0.0,0.0,0.0,34.0,0
15577.0,3.0,258.88,89.0,0.0,0.0,0.0,151.0,0
16332.0,7.0,1583.2,801.0,10.0,8.0,0.009888751545117428,28.0,0
14048.0,1.0,375.13,288.0,34.8,14.0,0.046357615894039736,305.0,0
14475.0,3.0,799.82,447.0,126.03,19.0,0.0407725321888412,72.0,0
17859.0,1.0,148.21,127.0,0.0,0.0,0.0,305.0,0
12576.0,5.0,1306.98,967.0,8.850000000000001,3.0,0.003092783505154639,36.0,0
15753.0,1.0,79.2,144.0,0.0,0.0,0.0,305.0,0
12599.0,7.0,1032.58,956.0,0.0,0.0,0.0,29.0,0
14562.0,18.0,4709.22,1834.0,365.55,164.0,0.08208208208208208,4.0,0
16951.0,3.0,1262.75,1318.0,15.0,12.0,0.009022556390977444,135.0,0
16998.0,4.0,287.02,76.0,7.98,3.0,0.0379746835443038,150.0,0
13133.0,2.0,109.8,32.0,0.0,0.0,0.0,274.0,0
17881.0,1.0,133.35000000000002,32.0,0.0,0.0,0.0,304.0,0
15843.0,1.0,118.95000000000002,27.0,0.0,0.0,0.0,304.0,0
17083.0,3.0,1405.78,772.0,0.0,0.0,0.0,109.0,0
15970.0,1.0,314.1,116.0,0.0,0.0,0.0,304.0,0
13590.0,6.0,1976.1200000000001,1848.0,5.800000000000001,2.0,0.001081081081081081,11.0,0
17537.0,2.0,897.62,700.0,0.0,0.0,0.0,30.0,0
12401.0,1.0,84.3,11.0,0.0,0.0,0.0,303.0,0
12462.0,2.0,1124.01,536.0,65.58,22.0,0.03942652329749104,19.0,0
17843.0,1.0,205.48,113.0,0.0,0.0,0.0,303.0,0
13706.0,1.0,330.79,189.0,0.0,0.0,0.0,303.0,0
17940.0,10.0,1983.5800000000008,9755.0,2122.8599999999997,4.0,0.00040987806127677014,49.0,0
17686.0,7.0,5739.46,2478.0,0.0,0.0,0.0,7.0,0
14431.0,1.0,397.76,130.0,72.6,8.0,0.057971014492753624,303.0,0
15809.0,5.0,399.21,301.0,116.56,50.0,0.14245014245014245,36.0,-1
12561.0,1.0,238.85,177.0,0.0,0.0,0.0,303.0,0
14465.0,3.0,1058.6200000000001,405.0,0.0,0.0,0.0,247.0,0
18093.0,4.0,2083.42,1392.0,23.1,11.0,0.007840342124019958,93.0,0
16027.0,6.0,852.12,1147.0,82.5,1.0,0.0008710801393728223,92.0,0
12857.0,2.0,1106.4,343.0,0.0,0.0,0.0,211.0,0
16425.0,1.0,302.7,199.0,0.0,0.0,0.0,302.0,0
16842.0,3.0,1260.44,693.0,3.75,1.0,0.001440922190201729,101.0,0
15796.0,8.0,2666.61,861.0,44.95,2.0,0.002317497103128621,1.0,0
14555.0,2.0,324.14,130.0,0.0,0.0,0.0,57.0,0
15114.0,10.0,2760.56,3096.0,0.0,0.0,0.0,30.0,0
15133.0,3.0,982.42,680.0,0.0,0.0,0.0,128.0,0
17705.0,9.0,1781.12,963.0,42.4,6.0,0.006191950464396285,3.0,0
18087.0,2.0,3770.1199999999994,3907.0,285.59999999999997,336.0,0.07918925288710818,98.0,-1
12897.0,2.0,216.5,110.0,0.0,0.0,0.0,205.0,0
17512.0,10.0,2920.0400000000004,2753.0,4.95,1.0,0.00036310820624546115,29.0,0
15550.0,4.0,575.63,295.0,0.0,0.0,0.0,4.0,0
14676.0,6.0,2543.2400000000002,2500.0,5.0,2.0,0.0007993605115907274,31.0,0
12505.0,0.0,-4.5,0.0,4.5,1.0,0.0,365.0,1
18159.0,1.0,530.15,139.0,0.0,0.0,0.0,301.0,0
14304.0,1.0,197.09999999999997,139.0,186.35000000000002,85.0,0.3794642857142857,223.0,-1
15638.0,0.0,-94.0,0.0,94.0,52.0,0.0,365.0,1
12943.0,0.0,-3.75,0.0,3.75,1.0,0.0,365.0,1
13875.0,5.0,1786.79,1316.0,0.0,0.0,0.0,54.0,0
15406.0,2.0,426.61,254.0,84.1,18.0,0.0661764705882353,31.0,0
18084.0,1.0,87.52999999999999,312.0,2.95,1.0,0.003194888178913738,16.0,0
17282.0,3.0,1703.41,1877.0,0.0,0.0,0.0,130.0,0
16434.0,7.0,1522.25,767.0,0.0,0.0,0.0,29.0,0
17050.0,6.0,3228.84,1614.0,0.0,0.0,0.0,96.0,0
13171.0,3.0,426.81,229.0,41.6,2.0,0.008658008658008658,22.0,0
17472.0,3.0,710.29,462.0,0.0,0.0,0.0,191.0,0
17255.0,2.0,298.41,232.0,0.0,0.0,0.0,41.0,0
16084.0,1.0,436.18,216.0,0.0,0.0,0.0,299.0,0
17667.0,5.0,2055.51,1037.0,0.0,0.0,0.0,66.0,0
12507.0,3.0,1258.06,905.0,46.75,11.0,0.012008733624454149,134.0,0
14631.0,3.0,1006.98,622.0,0.0,0.0,0.0,51.0,0
13381.0,6.0,3626.81,2029.0,12.5,2.0,0.0009847365829640572,32.0,0
15236.0,1.0,321.05,269.0,0.0,0.0,0.0,299.0,0
13475.0,4.0,1431.78,1012.0,0.0,0.0,0.0,191.0,0
17829.0,1.0,889.24,496.0,0.0,0.0,0.0,299.0,0
13717.0,6.0,1432.26,1959.0,12.75,1.0,0.0005102040816326531,32.0,0
13157.0,4.0,1721.57,1439.0,19.65,9.0,0.006215469613259668,49.0,0
14644.0,2.0,780.46,258.0,50.3,6.0,0.022727272727272728,68.0,0
12993.0,4.0,414.76,240.0,0.0,0.0,0.0,23.0,0
17571.0,4.0,1498.51,905.0,0.0,0.0,0.0,50.0,0
16979.0,6.0,1809.05,865.0,42.95,5.0,0.005747126436781609,4.0,0
16738.0,1.0,3.75,3.0,0.0,0.0,0.0,298.0,-1
15122.0,3.0,1612.1299999999999,800.0,21.650000000000002,12.0,0.014778325123152709,114.0,0
17612.0,6.0,1992.7599999999998,1808.0,55.69,21.0,0.011481683980317113,53.0,0
17348.0,5.0,1159.52,1401.0,0.0,0.0,0.0,15.0,0
13893.0,1.0,821.1,190.0,0.0,0.0,0.0,298.0,0
14035.0,5.0,1428.02,739.0,0.0,0.0,0.0,29.0,0
13623.0,5.0,672.4399999999999,294.0,75.33999999999999,8.0,0.026490066225165563,31.0,0
14346.0,2.0,1021.58,605.0,0.0,0.0,0.0,121.0,0
16431.0,3.0,642.81,453.0,0.0,0.0,0.0,213.0,0
12616.0,2.0,657.25,284.0,56.05,11.0,0.03728813559322034,95.0,0
16317.0,3.0,1341.65,890.0,0.0,0.0,0.0,120.0,0
14935.0,1.0,1784.71,935.0,0.0,0.0,0.0,297.0,0
16073.0,1.0,94.35,48.0,28.049999999999997,11.0,0.1864406779661017,297.0,-1
14477.0,4.0,1307.81,720.0,1.79,1.0,0.0013869625520110957,20.0,0
14760.0,1.0,53.8,40.0,35.400000000000006,12.0,0.23076923076923078,297.0,-1
14897.0,4.0,1366.38,468.0,0.0,0.0,0.0,8.0,0
15810.0,4.0,1145.43,861.0,246.55,124.0,0.12588832487309645,79.0,-1
16509.0,1.0,363.7,64.0,0.0,0.0,0.0,297.0,0
14386.0,1.0,142.4,54.0,0.0,0.0,0.0,297.0,0
12455.0,6.0,2466.86,2089.0,0.0,0.0,0.0,73.0,0
14530.0,6.0,2925.91,1410.0,0.0,0.0,0.0,26.0,0
15670.0,1.0,173.05,91.0,0.0,0.0,0.0,297.0,0
12653.0,2.0,2209.85,919.0,0.0,0.0,0.0,149.0,0
16126.0,4.0,6287.77,2125.0,0.0,0.0,0.0,29.0,0
14609.0,4.0,601.56,7026.0,0.0,0.0,0.0,72.0,0
13414.0,3.0,1390.5,1574.0,0.0,0.0,0.0,134.0,0
12823.0,5.0,1759.5,230.0,0.0,0.0,0.0,75.0,0
12352.0,8.0,1545.4099999999999,536.0,960.63,66.0,0.10963455149501661,36.0,-1
12372.0,3.0,1298.04,794.0,0.0,0.0,0.0,72.0,0
16494.0,1.0,826.53,675.0,0.0,0.0,0.0,297.0,0
14959.0,4.0,684.9699999999999,494.0,10.45,3.0,0.006036217303822937,64.0,0
16148.0,1.0,76.32000000000001,72.0,0.0,0.0,0.0,296.0,0
17422.0,6.0,1853.1299999999999,2253.0,126.24000000000001,58.0,0.025097360450021637,16.0,0
17175.0,4.0,1430.94,866.0,12.75,1.0,0.0011534025374855825,44.0,0
18257.0,8.0,2265.38,1041.0,72.25,31.0,0.028917910447761194,39.0,0
12362.0,10.0,5154.58,2229.0,71.65,17.0,0.007569011576135352,3.0,0
13018.0,28.0,7272.75,5435.0,4.95,1.0,0.0001839587932303164,16.0,0
13718.0,2.0,306.55,173.0,0.0,0.0,0.0,246.0,0
15382.0,6.0,5927.86,4012.0,27.85,9.0,0.002238249191743347,15.0,0
14754.0,2.0,638.05,486.0,0.0,0.0,0.0,45.0,0
13151.0,1.0,1250.3700000000001,363.0,7.5,2.0,0.005479452054794521,296.0,0
12654.0,5.0,601.98,264.0,0.0,0.0,0.0,11.0,0
13085.0,2.0,272.38000000000005,216.0,143.7,108.0,0.3333333333333333,158.0,-1
15903.0,7.0,5126.34,2410.0,0.42,1.0,0.00041476565740356696,10.0,0
15785.0,5.0,2303.7500000000005,1612.0,25.22,18.0,0.011042944785276074,33.0,0
18138.0,1.0,152.65,38.0,0.0,0.0,0.0,295.0,0
14379.0,2.0,348.1,292.0,0.0,0.0,0.0,44.0,0
14211.0,9.0,2208.2999999999997,1242.0,32.8,10.0,0.007987220447284345,53.0,0
14371.0,1.0,100.5,34.0,0.0,0.0,0.0,295.0,0
13425.0,3.0,1624.21,1123.0,0.0,0.0,0.0,108.0,0
12852.0,1.0,299.75,149.0,11.8,4.0,0.026143790849673203,295.0,0
15228.0,4.0,3376.96,2255.0,9.75,3.0,0.001328609388839681,66.0,0
13012.0,8.0,1311.6200000000001,824.0,350.22,153.0,0.15660184237461616,9.0,-1
16182.0,4.0,6617.65,3791.0,0.0,0.0,0.0,72.0,0
13489.0,4.0,449.52,560.0,0.0,0.0,0.0,105.0,0
12714.0,5.0,4708.86,3069.0,0.0,0.0,0.0,9.0,0
13904.0,2.0,332.64,332.0,0.0,0.0,0.0,37.0,0
15755.0,6.0,2318.88,1427.0,45.37,30.0,0.02059025394646534,10.0,0
13932.0,1.0,307.4,72.0,0.0,0.0,0.0,295.0,0
13799.0,2.0,688.86,402.0,0.0,0.0,0.0,117.0,0
13951.0,3.0,674.45,459.0,0.0,0.0,0.0,176.0,0
16765.0,1.0,34.0,4.0,0.0,0.0,0.0,294.0,0
18172.0,20.0,7490.17,3184.0,71.50999999999999,14.0,0.004377736085053158,15.0,0
16566.0,5.0,614.01,362.0,0.65,1.0,0.0027548209366391185,15.0,0
12891.0,3.0,331.0,950.0,0.0,0.0,0.0,186.0,0
16466.0,7.0,1603.46,789.0,0.0,0.0,0.0,34.0,0
16115.0,8.0,1667.97,1001.0,0.0,0.0,0.0,10.0,0
14162.0,2.0,289.36,142.0,0.0,0.0,0.0,174.0,0
13301.0,4.0,618.09,345.0,0.0,0.0,0.0,104.0,0
14803.0,3.0,845.55,370.0,0.0,0.0,0.0,162.0,0
13744.0,2.0,1156.36,1249.0,0.0,0.0,0.0,95.0,0
12988.0,1.0,535.32,136.0,0.0,0.0,0.0,292.0,0
17323.0,7.0,908.99,776.0,12.08,6.0,0.0076726342710997444,15.0,0
12707.0,1.0,603.42,256.0,0.0,0.0,0.0,292.0,0
18094.0,7.0,3017.3,2518.0,0.0,0.0,0.0,82.0,0
15129.0,11.0,3447.4,1794.0,0.0,0.0,0.0,50.0,0
17361.0,3.0,488.2,157.0,0.0,0.0,0.0,49.0,0
18155.0,3.0,347.82,266.0,23.8,8.0,0.029197080291970802,75.0,0
15321.0,3.0,2650.73,1181.0,97.58,18.0,0.015012510425354461,71.0,0
13477.0,6.0,1441.53,1021.0,13.05,3.0,0.0029296875,38.0,0
15065.0,4.0,3135.98,1383.0,22.15,28.0,0.019844082211197732,38.0,0
16980.0,2.0,1078.96,788.0,0.0,0.0,0.0,255.0,0
15146.0,2.0,1313.66,1473.0,13.5,14.0,0.00941492938802959,165.0,0
12365.0,2.0,320.69,174.0,320.69,1.0,0.005714285714285714,291.0,0
13410.0,5.0,988.91,518.0,14.15,5.0,0.009560229445506692,24.0,0
13044.0,1.0,560.47,429.0,0.0,0.0,0.0,291.0,0
16441.0,2.0,381.2,173.0,0.0,0.0,0.0,67.0,0
16014.0,3.0,653.13,265.0,9.25,4.0,0.01486988847583643,38.0,0
14520.0,2.0,270.6,146.0,0.0,0.0,0.0,2.0,0
17994.0,4.0,629.69,497.0,48.8,24.0,0.046065259117082535,122.0,0
13038.0,3.0,908.46,360.0,0.0,0.0,0.0,80.0,0
17002.0,3.0,1487.78,679.0,5.95,1.0,0.0014705882352941176,86.0,0
15722.0,5.0,2181.21,1026.0,41.35,5.0,0.004849660523763337,36.0,0
16349.0,1.0,53.5,9.0,0.0,0.0,0.0,291.0,0
16913.0,1.0,113.44,82.0,0.0,0.0,0.0,290.0,0
18114.0,1.0,220.1,55.0,0.0,0.0,0.0,290.0,0
15303.0,1.0,574.02,248.0,0.0,0.0,0.0,290.0,0
12845.0,4.0,354.09,204.0,0.0,0.0,0.0,267.0,0
18188.0,3.0,1998.49,1168.0,2.55,1.0,0.000855431993156544,15.0,0
16045.0,4.0,1340.7,897.0,0.0,0.0,0.0,120.0,0
16573.0,2.0,648.41,360.0,15.2,6.0,0.01639344262295082,85.0,0
13421.0,2.0,1848.98,1181.0,2.1,1.0,0.0008460236886632825,40.0,0
18196.0,2.0,689.13,433.0,0.0,0.0,0.0,95.0,0
13285.0,4.0,2709.12,2051.0,0.0,0.0,0.0,23.0,0
13184.0,10.0,1648.79,1692.0,52.5,30.0,0.017421602787456445,15.0,0
18151.0,2.0,653.35,355.0,0.0,0.0,0.0,135.0,0
13804.0,7.0,2635.79,1498.0,0.0,0.0,0.0,31.0,0
17499.0,1.0,622.88,711.0,0.0,0.0,0.0,290.0,0
15397.0,1.0,94.0,20.0,0.0,0.0,0.0,290.0,0
14276.0,3.0,1019.39,744.0,100.35,21.0,0.027450980392156862,99.0,0
13453.0,2.0,356.97999999999996,134.0,0.0,0.0,0.0,166.0,0
16394.0,5.0,1412.06,2604.0,143.28,287.0,0.09927360774818401,57.0,-1
17711.0,2.0,385.1,246.0,0.0,0.0,0.0,11.0,0
13865.0,4.0,501.56,204.0,0.0,0.0,0.0,58.0,0
16940.0,3.0,3049.88,2169.0,0.0,0.0,0.0,52.0,0
14289.0,6.0,911.26,292.0,0.0,0.0,0.0,9.0,0
16208.0,2.0,664.26,333.0,0.0,0.0,0.0,45.0,0
17063.0,7.0,1421.5900000000001,770.0,39.55,7.0,0.009009009009009009,21.0,0
13149.0,4.0,1676.06,1280.0,0.0,0.0,0.0,14.0,0
18068.0,1.0,101.69999999999999,6.0,0.0,0.0,0.0,289.0,0
15932.0,8.0,2461.85,2325.0,34.019999999999996,14.0,0.005985463873450192,4.0,0
16692.0,2.0,1276.0,152.0,0.0,0.0,0.0,256.0,0
15590.0,0.0,-30.19,0.0,30.19,1.0,0.0,365.0,1
17171.0,1.0,224.91,185.0,0.0,0.0,0.0,289.0,0
18231.0,5.0,2066.17,821.0,17.1,13.0,0.015587529976019185,192.0,0
14004.0,7.0,4582.64,2668.0,0.0,0.0,0.0,43.0,0
17139.0,12.0,10585.57,5182.0,82.9,19.0,0.003653143626225726,16.0,0
14513.0,3.0,438.49,361.0,17.1,6.0,0.01634877384196185,101.0,0
13118.0,5.0,1125.0,410.0,72.81,21.0,0.048723897911832945,20.0,0
15974.0,7.0,3429.55,2262.0,12.600000000000001,6.0,0.0026455026455026454,39.0,0
17830.0,3.0,398.7,92.0,0.0,0.0,0.0,2.0,0
12565.0,1.0,131.17,80.0,14.75,5.0,0.058823529411764705,289.0,0
12582.0,2.0,511.36,300.0,0.0,0.0,0.0,239.0,0
14231.0,3.0,822.0600000000001,409.0,103.65,7.0,0.016826923076923076,184.0,0
17867.0,6.0,622.7500000000001,542.0,574.35,289.0,0.34777376654632974,30.0,-1
14880.0,3.0,706.19,373.0,0.0,0.0,0.0,77.0,0
15121.0,2.0,457.72,199.0,0.0,0.0,0.0,50.0,0
17117.0,1.0,116.19999999999999,68.0,0.0,0.0,0.0,288.0,0
12945.0,1.0,462.95,165.0,0.0,0.0,0.0,288.0,0
18056.0,1.0,363.65,211.0,0.0,0.0,0.0,288.0,0
16072.0,1.0,584.3199999999999,140.0,0.0,0.0,0.0,288.0,0
16838.0,2.0,582.9,185.0,5.95,1.0,0.005376344086021506,197.0,0
15543.0,1.0,127.86,86.0,0.0,0.0,0.0,288.0,0
13751.0,1.0,296.25,152.0,0.0,0.0,0.0,288.0,0
15847.0,2.0,389.27,449.0,0.0,0.0,0.0,38.0,0
13851.0,3.0,2651.46,1705.0,0.0,0.0,0.0,96.0,0
13501.0,1.0,1310.47,560.0,29.849999999999998,3.0,0.0053285968028419185,288.0,0
12633.0,4.0,2140.63,1162.0,23.35,13.0,0.011063829787234043,59.0,0
13345.0,1.0,377.6,141.0,11.899999999999999,2.0,0.013986013986013986,288.0,0
13870.0,8.0,2751.25,1325.0,19.69,5.0,0.0037593984962406013,2.0,0
17034.0,3.0,734.5699999999999,410.0,10.950000000000001,4.0,0.00966183574879227,16.0,0
16592.0,16.0,4073.28,2927.0,40.4,13.0,0.004421768707482994,4.0,0
15712.0,5.0,1072.3600000000001,486.0,0.0,0.0,0.0,9.0,0
13362.0,4.0,3085.4900000000002,1382.0,5.25,3.0,0.0021660649819494585,9.0,0
14470.0,2.0,461.19,193.0,0.0,0.0,0.0,12.0,0
17388.0,4.0,1259.56,1068.0,0.0,0.0,0.0,78.0,0
16841.0,6.0,1774.62,2250.0,95.2,16.0,0.00706090026478376,37.0,0
13753.0,1.0,741.26,512.0,0.0,0.0,0.0,288.0,0
13666.0,3.0,84.65,41.0,0.0,0.0,0.0,60.0,0
12361.0,1.0,189.9,91.0,0.0,0.0,0.0,287.0,0
14481.0,2.0,636.51,489.0,0.0,0.0,0.0,165.0,0
13792.0,2.0,195.55,92.0,0.0,0.0,0.0,66.0,0
17663.0,7.0,1788.27,797.0,14.64,4.0,0.004993757802746567,26.0,0
13973.0,1.0,264.7,109.0,0.0,0.0,0.0,287.0,0
15990.0,2.0,792.11,443.0,0.0,0.0,0.0,44.0,0
13493.0,2.0,618.63,380.0,0.0,0.0,0.0,275.0,0
13684.0,1.0,64.23,39.0,3.0,1.0,0.025,286.0,0
13261.0,2.0,944.1,210.0,0.0,0.0,0.0,269.0,0
16598.0,1.0,140.7,73.0,4.35,3.0,0.039473684210526314,286.0,0
14147.0,2.0,468.4,108.0,15.0,12.0,0.1,78.0,0
15951.0,2.0,669.57,313.0,38.650000000000006,7.0,0.021875,9.0,0
13971.0,8.0,2702.2200000000003,1844.0,56.040000000000006,26.0,0.013903743315508022,19.0,0
17516.0,5.0,768.08,416.0,0.0,0.0,0.0,15.0,0
13630.0,7.0,1995.68,1391.0,36.1,14.0,0.0099644128113879,5.0,0
14157.0,2.0,400.43,284.0,32.45,11.0,0.03728813559322034,20.0,0
13636.0,5.0,941.62,592.0,7.5,6.0,0.010033444816053512,37.0,0
13610.0,7.0,1115.43,516.0,16.45,2.0,0.003861003861003861,12.0,0
14745.0,5.0,1167.16,1038.0,53.1,18.0,0.017045454545454544,113.0,0
12781.0,2.0,707.72,671.0,119.02,79.0,0.10533333333333333,64.0,0
14036.0,1.0,626.65,268.0,0.0,0.0,0.0,285.0,0
16057.0,7.0,2140.22,863.0,122.89999999999999,30.0,0.0335946248600224,16.0,0
15724.0,2.0,212.3,73.0,5.95,1.0,0.013513513513513514,201.0,0
12458.0,2.0,947.4,506.0,0.0,0.0,0.0,71.0,0
12598.0,8.0,3002.68,1964.0,20.4,24.0,0.012072434607645875,10.0,0
13675.0,2.0,486.82000000000005,330.0,0.0,0.0,0.0,151.0,0
14227.0,10.0,3315.71,1820.0,35.25,9.0,0.004920721705850191,26.0,0
16668.0,6.0,306.71999999999997,318.0,0.0,0.0,0.0,15.0,0
16667.0,2.0,570.13,237.0,0.0,0.0,0.0,68.0,0
13509.0,7.0,979.72,1106.0,0.0,0.0,0.0,9.0,0
15874.0,7.0,4330.67,2534.0,75.21,28.0,0.01092896174863388,64.0,0
16187.0,15.0,6841.240000000001,5048.0,70.2,44.0,0.00864100549882168,32.0,0
16339.0,1.0,109.95,23.0,0.0,0.0,0.0,284.0,0
12509.0,1.0,176.5,55.0,0.0,0.0,0.0,284.0,0
14046.0,1.0,154.99,460.0,0.0,0.0,0.0,284.0,0
13292.0,2.0,578.9399999999999,347.0,0.0,0.0,0.0,39.0,0
16427.0,2.0,241.06,156.0,0.0,0.0,0.0,263.0,0
14056.0,23.0,8124.4,4273.0,90.25,41.0,0.009503940658321743,1.0,0
15656.0,4.0,748.5,343.0,0.0,0.0,0.0,45.0,0
12811.0,3.0,514.85,230.0,0.0,0.0,0.0,261.0,0
16518.0,2.0,480.92,327.0,3.4,2.0,0.0060790273556231,61.0,0
17165.0,1.0,158.68,100.0,0.0,0.0,0.0,284.0,0
17462.0,2.0,662.94,227.0,12.75,3.0,0.013043478260869565,60.0,0
14620.0,2.0,393.28000000000003,214.0,19.5,26.0,0.10833333333333334,206.0,0
14740.0,3.0,1423.21,735.0,25.0,6.0,0.008097165991902834,197.0,0
16462.0,3.0,102.0,16.0,34.0,4.0,0.2,74.0,-1
12428.0,9.0,7877.2,3536.0,79.26,33.0,0.009246287475483329,26.0,0
16078.0,1.0,79.2,16.0,0.0,0.0,0.0,284.0,0
16915.0,6.0,621.6800000000001,132.0,0.0,0.0,0.0,9.0,0
15676.0,3.0,3324.09,2252.0,111.67,21.0,0.009238891333040036,19.0,0
15709.0,1.0,133.25,121.0,0.0,0.0,0.0,284.0,0
15241.0,8.0,1738.5900000000001,1818.0,17.85,3.0,0.0016474464579901153,67.0,0
12933.0,3.0,606.28,499.0,1.25,1.0,0.002,24.0,0
15092.0,2.0,457.81,135.0,0.0,0.0,0.0,215.0,0
12679.0,4.0,1058.67,554.0,54.35,24.0,0.04152249134948097,59.0,0
15319.0,1.0,204.5,175.0,0.0,0.0,0.0,284.0,0
16212.0,2.0,681.19,244.0,9.15,3.0,0.012145748987854251,19.0,0
15257.0,1.0,232.14999999999998,46.0,85.0,1.0,0.02127659574468085,283.0,0
14656.0,2.0,291.05,120.0,0.0,0.0,0.0,169.0,0
13884.0,5.0,781.3000000000001,300.0,6.300000000000001,3.0,0.009900990099009901,7.0,0
12866.0,1.0,559.12,171.0,0.0,0.0,0.0,283.0,0
13166.0,1.0,414.7,216.0,2.5,2.0,0.009174311926605505,283.0,0
16389.0,4.0,1362.27,1242.0,19.799999999999997,12.0,0.009569377990430622,53.0,0
15416.0,4.0,3974.3700000000003,2090.0,9.95,1.0,0.00047824007651841227,65.0,0
15733.0,1.0,162.3,62.0,0.0,0.0,0.0,283.0,0
16678.0,12.0,3013.83,2397.0,96.16,29.0,0.011953833470733718,3.0,0
12834.0,1.0,312.38,110.0,0.0,0.0,0.0,283.0,0
13722.0,3.0,2369.16,1401.0,6.25,1.0,0.0007132667617689016,132.0,0
14934.0,2.0,1888.8400000000001,1042.0,2.1,1.0,0.0009587727708533077,82.0,0
15067.0,3.0,1744.76,954.0,0.0,0.0,0.0,78.0,0
16128.0,5.0,1880.22,988.0,0.0,0.0,0.0,18.0,0
17770.0,5.0,1143.27,365.0,0.0,0.0,0.0,199.0,0
15622.0,9.0,3224.5299999999997,1674.0,485.03,122.0,0.06792873051224944,43.0,0
14473.0,2.0,234.34000000000003,88.0,0.0,0.0,0.0,74.0,0
15104.0,2.0,1002.5400000000001,637.0,24.9,2.0,0.003129890453834116,197.0,0
15643.0,3.0,647.4,246.0,16.6,4.0,0.016,192.0,0
16792.0,2.0,110.38000000000001,44.0,0.0,0.0,0.0,282.0,0
15031.0,4.0,668.14,401.0,0.0,0.0,0.0,4.0,0
15636.0,2.0,724.76,284.0,0.0,0.0,0.0,90.0,0
12873.0,1.0,374.0,128.0,0.0,0.0,0.0,282.0,0
17923.0,1.0,207.50000000000003,50.0,0.0,0.0,0.0,282.0,0
16217.0,2.0,259.39,91.0,44.86,15.0,0.14150943396226415,235.0,2
17738.0,4.0,1863.35,1029.0,15.7,2.0,0.0019398642095053346,19.0,0
17426.0,6.0,5022.26,3094.0,15.0,12.0,0.0038634900193174502,8.0,0
16957.0,2.0,416.64,172.0,0.0,0.0,0.0,239.0,0
16571.0,3.0,1285.22,1239.0,136.47,63.0,0.04838709677419355,27.0,0
14483.0,1.0,129.2,97.0,7.9,2.0,0.020202020202020204,282.0,0
15087.0,1.0,306.94,470.0,0.0,0.0,0.0,282.0,0
16709.0,5.0,3029.87,851.0,0.0,0.0,0.0,85.0,0
17856.0,4.0,1393.79,842.0,24.240000000000002,16.0,0.018648018648018648,2.0,0
15053.0,3.0,697.79,986.0,0.0,0.0,0.0,5.0,0
18218.0,2.0,626.38,584.0,35.7,38.0,0.06109324758842444,211.0,0
16159.0,1.0,348.2,236.0,0.0,0.0,0.0,282.0,0
17995.0,1.0,76.1,133.0,0.0,0.0,0.0,282.0,0
17374.0,2.0,495.77,85.0,0.0,0.0,0.0,219.0,0
17789.0,1.0,225.9,74.0,0.0,0.0,0.0,281.0,0
17416.0,7.0,6838.34,4302.0,55.08,36.0,0.008298755186721992,30.0,0
17652.0,12.0,4737.13,2509.0,130.59,30.0,0.011815675462780622,25.0,0
13476.0,2.0,1092.77,417.0,145.7,3.0,0.007142857142857143,179.0,0
12817.0,1.0,166.04,53.0,0.0,0.0,0.0,281.0,0
15393.0,2.0,231.86,150.0,0.0,0.0,0.0,16.0,0
13014.0,10.0,3365.43,907.0,100.85,21.0,0.022629310344827586,11.0,0
17508.0,1.0,387.31,289.0,0.0,0.0,0.0,281.0,0
13931.0,2.0,1230.93,725.0,6.6,4.0,0.0054869684499314125,96.0,0
12541.0,3.0,981.18,680.0,0.0,0.0,0.0,30.0,0
13382.0,1.0,222.99,131.0,0.0,0.0,0.0,281.0,0
15220.0,6.0,1758.92,1393.0,20.04,16.0,0.0113555713271824,52.0,0
14570.0,2.0,218.06,95.0,0.0,0.0,0.0,281.0,0
14447.0,5.0,1163.23,571.0,0.0,0.0,0.0,19.0,0
13557.0,2.0,584.06,546.0,0.0,0.0,0.0,28.0,0
16449.0,2.0,674.69,367.0,33.0,8.0,0.021333333333333333,198.0,0
12547.0,2.0,207.79999999999998,134.0,0.0,0.0,0.0,198.0,0
17325.0,1.0,96.8,60.0,0.0,0.0,0.0,280.0,0
14995.0,2.0,233.23000000000002,103.0,0.0,0.0,0.0,39.0,0
16414.0,2.0,126.25,27.0,0.0,0.0,0.0,22.0,0
15681.0,5.0,946.3600000000001,816.0,479.8,260.0,0.241635687732342,25.0,-1
14670.0,2.0,411.53,337.0,0.0,0.0,0.0,280.0,0
15675.0,3.0,323.69,527.0,0.0,0.0,0.0,81.0,0
12584.0,9.0,1893.95,416.0,444.2,62.0,0.1297071129707113,4.0,-1
17535.0,1.0,164.4,136.0,0.0,0.0,0.0,280.0,0
15400.0,5.0,666.7,390.0,49.5,30.0,0.07142857142857142,92.0,0
14903.0,5.0,2744.48,1536.0,66.15,45.0,0.028462998102466792,21.0,0
14499.0,3.0,815.32,501.0,0.0,0.0,0.0,26.0,0
18211.0,5.0,600.07,359.0,0.0,0.0,0.0,26.0,0
14504.0,4.0,673.26,308.0,0.0,0.0,0.0,47.0,0
15572.0,7.0,2552.86,1229.0,0.0,0.0,0.0,5.0,0
17107.0,6.0,10380.43,4837.0,435.0,300.0,0.05839984426708195,33.0,-1
14247.0,1.0,136.76999999999998,47.0,0.0,0.0,0.0,278.0,0
15554.0,1.0,217.2,74.0,0.0,0.0,0.0,278.0,0
14915.0,2.0,258.83000000000004,112.0,48.65,7.0,0.058823529411764705,91.0,0
16136.0,3.0,709.38,440.0,0.0,0.0,0.0,60.0,0
18280.0,1.0,180.60000000000002,45.0,0.0,0.0,0.0,278.0,0
12614.0,1.0,315.6,76.0,0.0,0.0,0.0,278.0,0
13344.0,3.0,2543.72,971.0,0.0,0.0,0.0,68.0,0
16621.0,4.0,813.48,302.0,0.0,0.0,0.0,52.0,0
16225.0,5.0,1096.32,493.0,0.0,0.0,0.0,45.0,0
14214.0,5.0,1000.23,751.0,4.15,3.0,0.003978779840848806,31.0,0
14012.0,1.0,328.8,160.0,0.0,0.0,0.0,278.0,0
16356.0,3.0,210.32000000000002,93.0,1.45,1.0,0.010638297872340425,198.0,0
17654.0,1.0,117.55,41.0,0.0,0.0,0.0,277.0,0
15026.0,3.0,469.0,285.0,0.0,0.0,0.0,80.0,0
16517.0,1.0,162.7,96.0,0.0,0.0,0.0,277.0,0
14817.0,2.0,1110.34,655.0,0.0,0.0,0.0,200.0,0
17092.0,4.0,1777.78,1131.0,0.0,0.0,0.0,50.0,0
16242.0,7.0,3598.26,1982.0,4.95,1.0,0.0005042864346949068,8.0,0
15869.0,2.0,149.64,175.0,0.0,0.0,0.0,277.0,0
17817.0,3.0,387.68,67.0,0.0,0.0,0.0,4.0,0
15234.0,1.0,197.0,196.0,0.0,0.0,0.0,277.0,0
15764.0,6.0,3245.47,2050.0,34.5,14.0,0.006782945736434108,88.0,0
15806.0,3.0,784.58,602.0,0.0,0.0,0.0,46.0,0
15819.0,4.0,1905.45,1357.0,0.0,0.0,0.0,49.0,0
14586.0,1.0,134.16000000000003,444.0,103.2,208.0,0.31901840490797545,277.0,-1
15944.0,1.0,325.1,50.0,0.0,0.0,0.0,277.0,0
13340.0,7.0,10736.48,5770.0,0.0,0.0,0.0,45.0,0
16917.0,1.0,391.52,232.0,0.0,0.0,0.0,277.0,0
14407.0,6.0,2111.08,1415.0,46.65,3.0,0.0021156558533145277,107.0,0
13908.0,4.0,2347.05,1478.0,22.5,8.0,0.005383580080753701,80.0,0
12758.0,2.0,2791.59,2135.0,0.0,0.0,0.0,117.0,0
13975.0,6.0,2503.23,1732.0,23.05,7.0,0.0040253018976423235,31.0,0
14730.0,8.0,2005.06,1132.0,0.0,0.0,0.0,1.0,0
12623.0,1.0,305.1,191.0,0.0,0.0,0.0,276.0,0
14367.0,16.0,9167.82,4438.0,93.7,28.0,0.006269592476489028,8.0,0
13373.0,3.0,3312.25,1651.0,0.0,0.0,0.0,61.0,0
16712.0,11.0,3645.43,1749.0,0.0,0.0,0.0,9.0,0
17639.0,1.0,108.5,49.0,0.0,0.0,0.0,276.0,0
16426.0,10.0,1908.25,1243.0,0.0,0.0,0.0,2.0,0
16495.0,3.0,684.41,337.0,0.0,0.0,0.0,3.0,0
14336.0,4.0,1614.91,1759.0,0.0,0.0,0.0,17.0,0
14507.0,6.0,1368.18,600.0,15.0,12.0,0.0196078431372549,24.0,0
12759.0,3.0,1531.44,902.0,0.0,0.0,0.0,52.0,0
17049.0,9.0,5594.780000000001,2676.0,65.2,7.0,0.002609019754006709,3.0,0
15206.0,4.0,420.29999999999995,162.0,0.0,0.0,0.0,10.0,0
14013.0,3.0,473.02,462.0,0.0,0.0,0.0,110.0,0
14645.0,2.0,597.09,381.0,0.0,0.0,0.0,157.0,0
15071.0,2.0,982.07,269.0,0.0,0.0,0.0,94.0,0
14112.0,7.0,2774.17,1651.0,140.98000000000002,43.0,0.02538370720188902,23.0,0
13026.0,5.0,936.15,1620.0,39.21,34.0,0.020556227327690448,1.0,0
12881.0,1.0,298.0,21.0,0.0,0.0,0.0,276.0,0
17864.0,3.0,597.5,810.0,0.0,0.0,0.0,13.0,0
14936.0,8.0,8117.42,4085.0,19.599999999999998,2.0,0.0004893564962074871,34.0,0
17138.0,1.0,380.5,126.0,0.0,0.0,0.0,276.0,0
16572.0,3.0,999.7,532.0,9.9,2.0,0.003745318352059925,127.0,0
14165.0,1.0,122.53999999999999,54.0,0.0,0.0,0.0,276.0,0
15367.0,4.0,1867.6899999999998,1057.0,9.9,2.0,0.0018885741265344666,57.0,0
14291.0,11.0,3873.3,2749.0,9.95,1.0,0.0003636363636363636,2.0,0
15632.0,8.0,3147.31,2109.0,138.0,60.0,0.027662517289073305,16.0,0
14297.0,4.0,1284.06,865.0,21.270000000000003,4.0,0.004602991944764097,18.0,0
13899.0,2.0,388.52,156.0,0.0,0.0,0.0,16.0,0
16471.0,1.0,223.95000000000002,141.0,0.0,0.0,0.0,275.0,0
18183.0,2.0,600.5200000000001,371.0,31.55,9.0,0.02368421052631579,227.0,0
14603.0,1.0,660.0,400.0,0.0,0.0,0.0,275.0,0
18173.0,4.0,2106.84,1220.0,0.0,0.0,0.0,87.0,0
14854.0,7.0,2749.89,1832.0,9.94,10.0,0.0054288816503800215,78.0,0
16625.0,1.0,333.08,164.0,0.0,0.0,0.0,275.0,0
14064.0,5.0,1188.32,1788.0,165.42,438.0,0.1967654986522911,29.0,-1
15308.0,1.0,302.27000000000004,175.0,8.2,2.0,0.011299435028248588,274.0,0
18086.0,1.0,101.34,106.0,0.0,0.0,0.0,274.0,0
14350.0,1.0,258.7,183.0,24.229999999999997,17.0,0.085,274.0,0
14930.0,3.0,2372.86,1166.0,0.0,0.0,0.0,109.0,0
16080.0,2.0,176.6,128.0,40.56,24.0,0.15789473684210525,82.0,2
14727.0,1.0,268.58,62.0,0.0,0.0,0.0,274.0,0
16778.0,2.0,245.94,194.0,0.0,0.0,0.0,74.0,0
14077.0,5.0,499.41999999999996,268.0,0.0,0.0,0.0,41.0,0
16808.0,2.0,288.42,196.0,0.0,0.0,0.0,99.0,0
16475.0,4.0,544.3,319.0,0.0,0.0,0.0,88.0,0
13265.0,5.0,2107.66,1752.0,0.0,0.0,0.0,53.0,0
12520.0,5.0,2582.51,1439.0,51.75,9.0,0.006215469613259668,79.0,0
15049.0,1.0,121.17000000000002,63.0,0.0,0.0,0.0,274.0,0
18149.0,3.0,612.0799999999999,310.0,0.0,0.0,0.0,51.0,0
13654.0,6.0,2707.33,2182.0,0.0,0.0,0.0,43.0,0
16652.0,7.0,6654.26,3283.0,119.71000000000001,16.0,0.004849954531676266,59.0,0
16766.0,2.0,1145.6,536.0,0.0,0.0,0.0,273.0,0
16801.0,4.0,867.83,499.0,751.9,186.0,0.27153284671532846,163.0,-1
17164.0,7.0,2466.4,1501.0,0.95,1.0,0.0006657789613848203,33.0,0
13226.0,1.0,108.21000000000001,80.0,0.0,0.0,0.0,273.0,0
13043.0,1.0,471.56999999999994,254.0,44.849999999999994,3.0,0.011673151750972763,273.0,0
14352.0,4.0,1078.96,538.0,0.0,0.0,0.0,157.0,0
17351.0,3.0,587.15,113.0,0.0,0.0,0.0,36.0,0
16768.0,3.0,458.04,196.0,20.05,5.0,0.024875621890547265,48.0,0
16693.0,2.0,482.01,204.0,0.0,0.0,0.0,69.0,0
13956.0,5.0,1026.42,491.0,0.0,0.0,0.0,5.0,0
13708.0,1.0,296.88,306.0,0.0,0.0,0.0,271.0,0
15918.0,2.0,334.23,153.0,0.0,0.0,0.0,191.0,0
15671.0,7.0,2635.4900000000002,1699.0,21.64,18.0,0.010483401281304601,19.0,0
14962.0,1.0,126.7,44.0,0.0,0.0,0.0,271.0,0
16807.0,3.0,1121.59,778.0,0.0,0.0,0.0,143.0,0
15125.0,15.0,11117.05,6193.0,411.43,202.0,0.03158717748240813,25.0,0
16871.0,6.0,2761.4900000000002,1253.0,50.849999999999994,3.0,0.0023885350318471337,22.0,0
12901.0,28.0,16293.1,23075.0,1361.44,2160.0,0.08559540320982761,9.0,-1
13452.0,2.0,590.0,2.0,0.0,0.0,0.0,259.0,0
15493.0,5.0,1967.25,560.0,34.55,5.0,0.008849557522123894,33.0,0
16005.0,4.0,615.39,300.0,0.0,0.0,0.0,12.0,0
15388.0,1.0,140.54,88.0,0.0,0.0,0.0,270.0,0
16804.0,3.0,536.99,246.0,0.0,0.0,0.0,23.0,0
13499.0,5.0,1146.9599999999998,1365.0,12.15,7.0,0.00510204081632653,18.0,0
15047.0,1.0,343.62,222.0,0.0,0.0,0.0,270.0,0
14193.0,2.0,853.39,445.0,0.0,0.0,0.0,68.0,0
17542.0,1.0,170.75,134.0,0.0,0.0,0.0,270.0,0
17080.0,2.0,285.5,166.0,2.12,2.0,0.011904761904761904,22.0,0
16392.0,1.0,221.19,203.0,0.0,0.0,0.0,270.0,0
15106.0,5.0,1407.73,1181.0,14.79,37.0,0.030377668308702793,18.0,0
16214.0,3.0,1062.75,420.0,0.0,0.0,0.0,171.0,0
13716.0,1.0,138.28,138.0,0.0,0.0,0.0,269.0,0
15150.0,10.0,5303.97,3658.0,10.5,25.0,0.006787944610371979,17.0,0
16061.0,0.0,-29.95,0.0,29.95,1.0,0.0,365.0,1
14226.0,5.0,2201.64,1308.0,30.55,7.0,0.00532319391634981,29.0,0
13121.0,1.0,254.73000000000002,252.0,29.0,25.0,0.09025270758122744,269.0,0
16297.0,1.0,275.4,206.0,26.499999999999996,26.0,0.11206896551724138,269.0,0
12994.0,3.0,902.22,459.0,72.2,19.0,0.0397489539748954,4.0,0
16152.0,1.0,1829.04,642.0,0.0,0.0,0.0,269.0,0
14636.0,2.0,609.85,241.0,0.0,0.0,0.0,36.0,0
16040.0,3.0,1313.55,684.0,0.0,0.0,0.0,65.0,0
15793.0,3.0,948.96,553.0,16.65,1.0,0.0018050541516245488,15.0,0
13358.0,1.0,439.03,285.0,0.0,0.0,0.0,269.0,0
12849.0,2.0,1050.8899999999999,623.0,0.0,0.0,0.0,31.0,0
15182.0,2.0,622.85,253.0,0.0,0.0,0.0,154.0,0
13299.0,1.0,142.5,30.0,0.0,0.0,0.0,268.0,0
16383.0,2.0,668.36,475.0,0.0,0.0,0.0,75.0,0
15381.0,2.0,596.85,171.0,0.0,0.0,0.0,214.0,0
12597.0,4.0,3683.1299999999997,2236.0,128.09,49.0,0.021444201312910284,19.0,0
15030.0,2.0,518.28,372.0,0.0,0.0,0.0,72.0,0
12435.0,2.0,7829.89,2055.0,0.0,0.0,0.0,80.0,0
12955.0,11.0,4734.26,3664.0,22.9,22.0,0.005968529571351058,1.0,0
18189.0,2.0,1084.34,566.0,5.9,2.0,0.0035211267605633804,78.0,0
13946.0,3.0,561.5699999999999,443.0,0.0,0.0,0.0,79.0,0
17716.0,11.0,5505.79,3072.0,150.2,68.0,0.02165605095541401,23.0,0
13185.0,1.0,71.4,12.0,0.0,0.0,0.0,268.0,0
14840.0,1.0,62.85,31.0,0.0,0.0,0.0,268.0,0
13216.0,1.0,333.74,297.0,0.0,0.0,0.0,268.0,0
13650.0,6.0,1809.34,922.0,27.0,4.0,0.004319654427645789,17.0,0
13533.0,3.0,270.79,204.0,0.0,0.0,0.0,183.0,0
13268.0,11.0,3167.64,3658.0,47.050000000000004,23.0,0.006248302091822874,18.0,0
15433.0,2.0,417.86999999999995,534.0,115.43,135.0,0.20179372197309417,214.0,-1
12937.0,4.0,1504.27,1007.0,0.0,0.0,0.0,15.0,0
17603.0,1.0,-1165.3,74.0,1560.02,105.0,0.5865921787709497,78.0,-1
16216.0,1.0,914.9300000000001,254.0,0.0,0.0,0.0,267.0,0
16377.0,1.0,676.2,1500.0,0.0,0.0,0.0,267.0,0
16976.0,1.0,251.51999999999998,88.0,0.0,0.0,0.0,267.0,0
12514.0,1.0,1017.68,440.0,0.0,0.0,0.0,267.0,0
18210.0,6.0,2621.38,1398.0,0.0,0.0,0.0,2.0,0
13631.0,11.0,3021.77,467.0,48.65,7.0,0.014767932489451477,100.0,0
14422.0,6.0,4263.64,2906.0,0.0,0.0,0.0,1.0,0
15648.0,2.0,599.9,221.0,57.45,8.0,0.034934497816593885,204.0,0
17725.0,11.0,3371.13,2162.0,67.95,21.0,0.00961978928080623,16.0,0
15861.0,8.0,3000.36,2544.0,165.0,1.0,0.0003929273084479371,12.0,0
13072.0,1.0,177.15,69.0,0.0,0.0,0.0,267.0,0
15695.0,2.0,409.98,212.0,0.0,0.0,0.0,267.0,0
14110.0,12.0,5669.65,2457.0,13.5,2.0,0.0008133387555917039,4.0,0
14059.0,1.0,183.6,128.0,0.0,0.0,0.0,267.0,0
16672.0,20.0,8093.59,2832.0,41.349999999999994,20.0,0.0070126227208976155,2.0,0
16511.0,3.0,950.26,417.0,0.0,0.0,0.0,22.0,0
16256.0,1.0,732.6300000000001,581.0,19.8,4.0,0.006837606837606838,267.0,0
13591.0,3.0,1117.13,485.0,0.0,0.0,0.0,65.0,0
14066.0,1.0,152.55,45.0,0.0,0.0,0.0,267.0,0
15483.0,4.0,233.81,295.0,0.0,0.0,0.0,161.0,0
16626.0,17.0,4379.650000000001,2690.0,33.449999999999996,20.0,0.007380073800738007,1.0,0
15019.0,1.0,266.0,159.0,0.0,0.0,0.0,267.0,0
18270.0,2.0,238.95,101.0,44.2,4.0,0.0380952380952381,38.0,0
14315.0,6.0,2456.98,1021.0,24.15,11.0,0.01065891472868217,45.0,0
17921.0,4.0,826.52,430.0,0.0,0.0,0.0,64.0,0
14041.0,1.0,141.41,94.0,0.0,0.0,0.0,266.0,0
17060.0,1.0,234.24,216.0,0.0,0.0,0.0,266.0,0
16023.0,3.0,719.81,358.0,0.0,0.0,0.0,46.0,0
17133.0,7.0,4892.240000000001,2730.0,0.0,0.0,0.0,16.0,0
12878.0,2.0,841.64,547.0,13.35,11.0,0.01971326164874552,236.0,0
14155.0,1.0,118.75,25.0,0.0,0.0,0.0,266.0,0
17043.0,4.0,1735.18,998.0,0.0,0.0,0.0,32.0,0
13046.0,2.0,629.31,264.0,0.0,0.0,0.0,31.0,0
14633.0,1.0,344.90000000000003,96.0,0.0,0.0,0.0,266.0,0
12948.0,7.0,2053.7,1080.0,11.25,3.0,0.002770083102493075,16.0,0
15703.0,1.0,211.5,66.0,0.0,0.0,0.0,265.0,0
14071.0,8.0,1307.4099999999999,995.0,131.41,95.0,0.0871559633027523,4.0,-1
17134.0,2.0,425.0,102.0,0.0,0.0,0.0,107.0,0
17795.0,2.0,350.39,341.0,0.0,0.0,0.0,180.0,0
12902.0,1.0,138.68,66.0,0.0,0.0,0.0,265.0,0
16444.0,4.0,638.77,407.0,15.899999999999999,2.0,0.004889975550122249,46.0,0
14232.0,5.0,2043.93,1941.0,4.14,4.0,0.002056555269922879,43.0,0
14693.0,1.0,172.9,34.0,0.0,0.0,0.0,265.0,0
12407.0,5.0,1708.1200000000001,1416.0,0.0,0.0,0.0,50.0,0
16728.0,4.0,1054.67,677.0,0.0,0.0,0.0,46.0,0
16096.0,1.0,320.62,155.0,0.0,0.0,0.0,264.0,0
13985.0,15.0,7024.53,3447.0,35.6,8.0,0.0023154848046309695,4.0,0
13592.0,4.0,247.95999999999998,84.0,0.0,0.0,0.0,36.0,0
15140.0,7.0,2350.0,1572.0,4.25,5.0,0.0031705770450221942,52.0,0
12843.0,8.0,1680.76,781.0,21.5,28.0,0.034610630407911,66.0,0
14408.0,7.0,2606.53,1616.0,0.0,0.0,0.0,11.0,0
15408.0,1.0,267.18,106.0,0.0,0.0,0.0,264.0,0
15445.0,1.0,113.5,58.0,0.0,0.0,0.0,264.0,0
15452.0,3.0,538.73,283.0,0.0,0.0,0.0,30.0,0
14223.0,3.0,975.23,585.0,15.9,2.0,0.0034071550255536627,92.0,0
16619.0,1.0,204.41,133.0,21.8,4.0,0.029197080291970802,264.0,0
14762.0,1.0,300.52,341.0,0.0,0.0,0.0,264.0,0
13934.0,1.0,922.1,390.0,0.0,0.0,0.0,264.0,0
15669.0,4.0,677.69,342.0,6.65,3.0,0.008695652173913044,40.0,0
16384.0,2.0,584.5,260.0,0.0,0.0,0.0,90.0,0
18224.0,1.0,158.95000000000002,69.0,0.0,0.0,0.0,264.0,0
14245.0,2.0,1677.48,976.0,15.97,5.0,0.0050968399592252805,220.0,0
17678.0,1.0,298.11,207.0,0.0,0.0,0.0,264.0,0
15855.0,5.0,712.24,470.0,0.0,0.0,0.0,137.0,0
16036.0,2.0,758.92,716.0,0.0,0.0,0.0,87.0,0
17763.0,1.0,15.0,12.0,0.0,0.0,0.0,263.0,0
13262.0,1.0,200.29,125.0,0.0,0.0,0.0,263.0,0
17152.0,3.0,1503.5,517.0,186.0,40.0,0.0718132854578097,195.0,0
14632.0,1.0,114.56,96.0,0.0,0.0,0.0,263.0,0
13900.0,3.0,740.95,430.0,0.0,0.0,0.0,183.0,0
14875.0,2.0,1448.7200000000003,558.0,16.6,4.0,0.0071174377224199285,108.0,0
15132.0,5.0,977.9300000000001,679.0,0.0,0.0,0.0,18.0,0
17272.0,4.0,2144.53,1778.0,4.1,2.0,0.0011235955056179776,42.0,0
16135.0,1.0,517.55,209.0,0.0,0.0,0.0,263.0,0
12831.0,1.0,215.05,135.0,0.0,0.0,0.0,262.0,0
15437.0,1.0,200.16,79.0,0.0,0.0,0.0,262.0,0
16809.0,5.0,912.74,652.0,1.95,1.0,0.0015313935681470138,23.0,0
14711.0,11.0,2838.2000000000003,978.0,30.599999999999998,12.0,0.012121212121212121,10.0,0
14377.0,2.0,617.05,219.0,0.0,0.0,0.0,191.0,0
16374.0,2.0,473.03000000000003,240.0,0.0,0.0,0.0,66.0,0
13196.0,4.0,1797.78,1224.0,0.0,0.0,0.0,11.0,0
15457.0,1.0,237.07,132.0,0.0,0.0,0.0,262.0,0
12613.0,5.0,3218.98,1644.0,125.4,48.0,0.028368794326241134,57.0,0
16721.0,1.0,292.47,172.0,0.0,0.0,0.0,262.0,0
12399.0,4.0,1108.65,1178.0,0.0,0.0,0.0,119.0,0
17733.0,2.0,692.19,463.0,0.0,0.0,0.0,39.0,0
17102.0,1.0,25.5,2.0,0.0,0.0,0.0,262.0,0
15410.0,8.0,3450.84,1200.0,0.0,0.0,0.0,84.0,0
13239.0,1.0,329.56,363.0,0.0,0.0,0.0,262.0,0
15449.0,3.0,971.22,812.0,3.3,2.0,0.002457002457002457,26.0,0
14870.0,1.0,327.25,119.0,0.0,0.0,0.0,262.0,0
13821.0,2.0,385.64,153.0,0.0,0.0,0.0,145.0,0
17096.0,4.0,992.68,339.0,29.45,7.0,0.02023121387283237,15.0,0
12604.0,2.0,254.18,201.0,0.0,0.0,0.0,79.0,0
12818.0,1.0,1517.8799999999999,929.0,24.2,6.0,0.006417112299465241,262.0,0
18191.0,1.0,207.79999999999998,140.0,0.0,0.0,0.0,262.0,0
14461.0,3.0,2103.06,766.0,0.0,0.0,0.0,148.0,0
13132.0,1.0,77.3,20.0,0.0,0.0,0.0,262.0,0
16859.0,2.0,473.13999999999993,827.0,274.67,171.0,0.1713426853707415,145.0,2
15245.0,3.0,2515.84,1784.0,0.0,0.0,0.0,134.0,0
17486.0,1.0,396.87,191.0,0.0,0.0,0.0,261.0,0
16308.0,4.0,2560.0,8000.0,0.0,0.0,0.0,38.0,0
12564.0,1.0,456.9,133.0,0.0,0.0,0.0,261.0,0
14607.0,14.0,11341.1,11766.0,5228.4,3768.0,0.242564696794129,16.0,-1
13249.0,3.0,711.41,546.0,0.0,0.0,0.0,92.0,0
15644.0,4.0,813.0,557.0,0.0,0.0,0.0,166.0,0
14075.0,3.0,942.26,754.0,0.0,0.0,0.0,5.0,0
17250.0,2.0,384.52,168.0,0.0,0.0,0.0,4.0,0
17966.0,5.0,1098.43,2571.0,0.0,0.0,0.0,38.0,0
14129.0,5.0,1123.8600000000001,592.0,0.0,0.0,0.0,2.0,0
15651.0,3.0,646.3,479.0,0.0,0.0,0.0,37.0,0
13035.0,2.0,886.63,644.0,35.25,17.0,0.025718608169440244,74.0,0
13341.0,1.0,775.85,301.0,0.0,0.0,0.0,261.0,0
13512.0,1.0,251.21,143.0,0.0,0.0,0.0,261.0,0
16620.0,2.0,178.96,88.0,0.0,0.0,0.0,4.0,0
17698.0,1.0,154.95,93.0,0.0,0.0,0.0,261.0,0
14267.0,3.0,1279.09,530.0,237.15,69.0,0.11519198664440734,163.0,-1
13736.0,2.0,724.0,497.0,7.9,4.0,0.007984031936127744,5.0,0
16022.0,1.0,628.28,261.0,0.0,0.0,0.0,260.0,0
14235.0,5.0,3093.86,1959.0,51.0,12.0,0.0060882800608828,75.0,0
16769.0,1.0,380.39,83.0,0.0,0.0,0.0,260.0,0
17754.0,5.0,1739.92,1869.0,32.34,49.0,0.025547445255474453,1.0,0
12408.0,5.0,2842.57,1409.0,45.980000000000004,10.0,0.007047216349541931,33.0,0
16063.0,1.0,335.32,262.0,0.0,0.0,0.0,260.0,0
15178.0,1.0,40.5,30.0,0.0,0.0,0.0,260.0,0
14348.0,1.0,409.57,183.0,0.0,0.0,0.0,260.0,0
15815.0,5.0,2100.6,1856.0,0.0,0.0,0.0,64.0,0
13695.0,15.0,2504.13,1603.0,0.0,0.0,0.0,31.0,0
17979.0,4.0,737.8100000000001,397.0,19.9,2.0,0.005012531328320802,36.0,0
13139.0,7.0,5055.79,2425.0,9.15,7.0,0.0028782894736842104,16.0,0
12545.0,2.0,1000.39,523.0,0.0,0.0,0.0,75.0,0
14758.0,4.0,1484.06,419.0,0.0,0.0,0.0,145.0,0
14536.0,1.0,171.8,40.0,0.0,0.0,0.0,260.0,0
13662.0,3.0,879.08,543.0,18.68,5.0,0.009124087591240875,86.0,0
17946.0,2.0,149.57999999999998,75.0,0.0,0.0,0.0,233.0,0
13743.0,7.0,1340.1499999999999,1776.0,1.45,1.0,0.0005627462014631402,3.0,0
18078.0,2.0,336.13,145.0,0.0,0.0,0.0,217.0,0
16780.0,2.0,425.19,271.0,0.0,0.0,0.0,100.0,0
18273.0,3.0,204.0,80.0,0.0,0.0,0.0,2.0,0
15045.0,2.0,633.66,114.0,102.0,8.0,0.06557377049180328,152.0,0
17625.0,4.0,2047.0,1198.0,0.0,0.0,0.0,18.0,0
13357.0,1.0,609.95,322.0,0.0,0.0,0.0,257.0,0
16777.0,2.0,226.35,64.0,0.0,0.0,0.0,80.0,0
14476.0,1.0,215.7,132.0,0.0,0.0,0.0,257.0,0
16245.0,3.0,1352.3600000000001,1014.0,61.300000000000004,6.0,0.0058823529411764705,24.0,0
12669.0,3.0,1607.7299999999998,1115.0,1136.3,1.0,0.0008960573476702509,151.0,0
12792.0,1.0,400.53999999999996,217.0,0.0,0.0,0.0,257.0,0
17765.0,3.0,371.88,144.0,0.0,0.0,0.0,159.0,0
15083.0,1.0,88.2,38.0,0.0,0.0,0.0,257.0,0
18010.0,1.0,174.8,60.0,0.0,0.0,0.0,257.0,0
15249.0,13.0,6657.36,3577.0,31.1,20.0,0.005560189046427579,32.0,0
13760.0,2.0,286.79,197.0,0.0,0.0,0.0,54.0,0
15624.0,4.0,588.13,357.0,0.0,0.0,0.0,117.0,0
17749.0,2.0,674.52,320.0,0.0,0.0,0.0,178.0,0
15068.0,2.0,553.36,364.0,0.0,0.0,0.0,46.0,0
14538.0,2.0,388.25,155.0,0.0,0.0,0.0,65.0,0
14851.0,2.0,511.35,325.0,0.0,0.0,0.0,23.0,0
14021.0,3.0,631.9,192.0,0.0,0.0,0.0,155.0,0
13037.0,3.0,881.07,431.0,0.0,0.0,0.0,138.0,0
18177.0,6.0,1314.17,710.0,27.25,5.0,0.006993006993006993,31.0,0
14128.0,2.0,637.5,564.0,0.0,0.0,0.0,61.0,0
17874.0,6.0,658.26,221.0,25.200000000000003,12.0,0.05150214592274678,185.0,0
17719.0,15.0,5367.8,2466.0,28.240000000000002,11.0,0.0044408558740411785,38.0,0
17931.0,2.0,408.36,249.0,0.0,0.0,0.0,134.0,0
13803.0,1.0,277.07,121.0,0.0,0.0,0.0,255.0,0
17398.0,3.0,653.38,310.0,0.0,0.0,0.0,115.0,0
15906.0,7.0,1521.79,544.0,45.900000000000006,6.0,0.01090909090909091,20.0,0
16253.0,2.0,3665.6200000000003,3233.0,18.240000000000002,96.0,0.02883748873535596,67.0,0
13439.0,1.0,283.71,242.0,0.0,0.0,0.0,255.0,0
12888.0,2.0,313.77,76.0,40.349999999999994,8.0,0.09523809523809523,214.0,0
13588.0,9.0,2445.12,2606.0,33.830000000000005,33.0,0.012504736642667677,16.0,0
12456.0,3.0,3153.89,1633.0,27.15,17.0,0.010303030303030303,44.0,0
15521.0,8.0,2574.6499999999996,1836.0,425.55,162.0,0.08108108108108109,40.0,0
13720.0,4.0,799.9,501.0,0.0,0.0,0.0,117.0,0
15674.0,5.0,1744.02,1275.0,702.5799999999999,200.0,0.13559322033898305,73.0,-1
17594.0,2.0,993.18,550.0,0.0,0.0,0.0,85.0,0
17775.0,1.0,56.4,72.0,0.0,0.0,0.0,255.0,0
13988.0,6.0,4098.8,3044.0,49.160000000000004,19.0,0.006203068886712374,20.0,0
16657.0,4.0,933.62,1229.0,0.0,0.0,0.0,10.0,0
15424.0,2.0,383.34,554.0,0.0,0.0,0.0,254.0,0
13316.0,4.0,5815.490000000001,6948.0,162.24,1.0,0.0001439055979277594,37.0,0
16788.0,2.0,597.48,311.0,0.0,0.0,0.0,123.0,0
16584.0,2.0,908.0300000000001,646.0,28.049999999999997,11.0,0.0167427701674277,80.0,0
15364.0,2.0,913.19,493.0,0.0,0.0,0.0,96.0,0
18108.0,1.0,264.65,84.0,6.35,2.0,0.023255813953488372,254.0,0
14272.0,2.0,437.96,599.0,0.0,0.0,0.0,74.0,0
15980.0,3.0,2398.86,1560.0,0.0,0.0,0.0,89.0,0
15832.0,1.0,836.79,465.0,0.0,0.0,0.0,254.0,0
16092.0,3.0,779.36,628.0,38.5,26.0,0.039755351681957186,115.0,0
15528.0,1.0,229.33,123.0,0.0,0.0,0.0,254.0,0
16398.0,2.0,1631.1499999999999,758.0,74.65,13.0,0.016861219195849545,154.0,0
17088.0,4.0,1991.01,868.0,0.0,0.0,0.0,28.0,0
17438.0,1.0,378.30000000000007,103.0,10.15,3.0,0.02830188679245283,254.0,0
13060.0,1.0,307.53,123.0,0.0,0.0,0.0,254.0,0
14790.0,4.0,745.06,699.0,0.0,0.0,0.0,17.0,0
14890.0,1.0,125.65,51.0,0.0,0.0,0.0,254.0,0
16386.0,2.0,317.2,224.0,0.0,0.0,0.0,29.0,0
14818.0,3.0,657.8,324.0,0.0,0.0,0.0,74.0,0
13571.0,12.0,2092.32,1759.0,0.0,0.0,0.0,13.0,0
12909.0,5.0,2128.83,1280.0,49.84,10.0,0.007751937984496124,40.0,0
12619.0,9.0,3214.81,3378.0,426.43,24.0,0.007054673721340388,16.0,0
16698.0,2.0,1998.0,840.0,0.0,0.0,0.0,227.0,0
16681.0,6.0,1770.34,1407.0,0.0,0.0,0.0,73.0,0
13573.0,2.0,294.4,303.0,0.0,0.0,0.0,50.0,0
14957.0,1.0,58.49,34.0,0.0,0.0,0.0,253.0,0
13918.0,2.0,1212.8400000000001,1140.0,0.0,0.0,0.0,50.0,0
17212.0,1.0,226.85,147.0,0.0,0.0,0.0,253.0,0
17781.0,2.0,188.02,34.0,0.0,0.0,0.0,159.0,0
14886.0,1.0,364.8,160.0,0.0,0.0,0.0,253.0,0
13626.0,1.0,257.23,209.0,0.0,0.0,0.0,253.0,0
16609.0,7.0,5450.96,2420.0,42.5,10.0,0.00411522633744856,15.0,0
16180.0,8.0,10217.48,5867.0,36.7,14.0,0.002380547525930964,100.0,0
13462.0,1.0,143.25,62.0,8.25,1.0,0.015873015873015872,253.0,0
18263.0,3.0,1211.08,1468.0,2.08,1.0,0.0006807351940095302,26.0,0
16960.0,3.0,507.05,304.0,0.0,0.0,0.0,39.0,0
13841.0,1.0,85.0,100.0,0.0,0.0,0.0,253.0,0
17701.0,1.0,417.95,109.0,0.0,0.0,0.0,253.0,0
12949.0,8.0,4143.02,2381.0,24.2,18.0,0.007503126302626094,31.0,0
14852.0,6.0,2836.69,1747.0,0.0,0.0,0.0,58.0,0
12569.0,32.0,4064.99,1801.0,59.7,8.0,0.004422332780541736,2.0,0
13169.0,2.0,712.88,272.0,0.0,0.0,0.0,64.0,0
16162.0,1.0,37.4,4.0,0.0,0.0,0.0,252.0,0
15691.0,1.0,136.8,72.0,0.0,0.0,0.0,252.0,0
14195.0,2.0,962.7,760.0,49.3,58.0,0.07090464547677261,202.0,0
13781.0,1.0,127.84,30.0,0.0,0.0,0.0,251.0,0
17758.0,8.0,3456.7000000000003,2091.0,0.0,0.0,0.0,19.0,0
14023.0,2.0,584.07,345.0,0.0,0.0,0.0,7.0,0
17669.0,7.0,3406.7200000000003,1916.0,0.0,0.0,0.0,43.0,0
16142.0,1.0,535.34,422.0,0.0,0.0,0.0,250.0,0
17648.0,4.0,1789.55,487.0,7.95,1.0,0.0020491803278688526,61.0,0
13059.0,1.0,183.4,35.0,0.0,0.0,0.0,250.0,0
16224.0,4.0,1295.3,1116.0,0.0,0.0,0.0,57.0,0
15223.0,2.0,454.9,213.0,300.85,115.0,0.35060975609756095,226.0,-1
17886.0,3.0,899.61,481.0,0.0,0.0,0.0,32.0,0
13294.0,2.0,873.74,453.0,0.0,0.0,0.0,190.0,0
15289.0,3.0,935.1,1008.0,4.68,12.0,0.011764705882352941,29.0,0
18185.0,1.0,304.25,183.0,0.0,0.0,0.0,249.0,0
17956.0,1.0,12.75,1.0,0.0,0.0,0.0,249.0,0
15756.0,4.0,532.96,242.0,0.0,0.0,0.0,61.0,0
14747.0,1.0,294.3,84.0,33.9,2.0,0.023255813953488372,249.0,0
14719.0,5.0,1592.18,1032.0,9.95,1.0,0.000968054211035818,2.0,0
13015.0,5.0,3346.28,1617.0,0.0,0.0,0.0,53.0,0
16586.0,1.0,463.95,95.0,0.0,0.0,0.0,249.0,0
16105.0,1.0,336.96,330.0,0.0,0.0,0.0,249.0,0
14546.0,5.0,2487.02,1317.0,91.07,30.0,0.022271714922048998,5.0,0
15442.0,1.0,594.0,120.0,0.0,0.0,0.0,249.0,0
16906.0,4.0,579.77,281.0,0.0,0.0,0.0,82.0,0
14535.0,3.0,2841.09,1831.0,23.1,6.0,0.00326619488296135,60.0,0
16170.0,6.0,1880.4199999999998,1770.0,4.63,4.0,0.002254791431792559,51.0,0
15244.0,2.0,631.57,405.0,0.0,0.0,0.0,65.0,0
16696.0,4.0,657.9000000000001,146.0,0.0,0.0,0.0,135.0,0
15145.0,4.0,1194.73,756.0,0.0,0.0,0.0,4.0,0
17492.0,1.0,374.57,155.0,0.0,0.0,0.0,248.0,0
13525.0,2.0,628.78,394.0,0.0,0.0,0.0,15.0,0
17409.0,2.0,771.85,105.0,0.0,0.0,0.0,185.0,0
17783.0,2.0,283.47,354.0,0.0,0.0,0.0,72.0,0
13863.0,1.0,299.55999999999995,224.0,6.22,5.0,0.021834061135371178,248.0,0
13515.0,4.0,891.12,681.0,0.0,0.0,0.0,73.0,0
15917.0,1.0,123.1,42.0,0.0,0.0,0.0,248.0,0
17440.0,3.0,177.10000000000002,246.0,9.32,14.0,0.05384615384615385,157.0,0
17045.0,3.0,339.44,106.0,0.0,0.0,0.0,113.0,0
17140.0,1.0,465.32,302.0,0.0,0.0,0.0,247.0,0
15201.0,5.0,927.8399999999999,1210.0,308.7,248.0,0.1700960219478738,87.0,-1
14964.0,1.0,206.21,143.0,0.0,0.0,0.0,247.0,0
16031.0,2.0,548.94,423.0,0.0,0.0,0.0,92.0,0
14403.0,4.0,1426.31,519.0,49.5,6.0,0.011428571428571429,130.0,0
17042.0,5.0,1044.3799999999999,994.0,0.0,0.0,0.0,3.0,0
13771.0,4.0,2631.7,1477.0,2.75,1.0,0.0006765899864682003,64.0,0
17906.0,1.0,72.9,26.0,0.0,0.0,0.0,247.0,0
18272.0,6.0,3064.7799999999997,2050.0,13.8,6.0,0.0029182879377431907,3.0,0
16144.0,1.0,175.2,16.0,0.0,0.0,0.0,247.0,0
13731.0,2.0,610.59,278.0,0.0,0.0,0.0,219.0,0
12580.0,1.0,415.7,238.0,0.0,0.0,0.0,247.0,0
14912.0,2.0,841.52,971.0,26.33,1.0,0.00102880658436214,17.0,0
15530.0,4.0,1502.35,950.0,0.0,0.0,0.0,22.0,0
13950.0,4.0,728.56,323.0,16.5,2.0,0.006153846153846154,11.0,0
13752.0,6.0,1186.28,876.0,0.0,0.0,0.0,124.0,0
13892.0,4.0,632.97,983.0,0.0,0.0,0.0,27.0,0
14446.0,4.0,1039.58,933.0,0.0,0.0,0.0,1.0,0
16209.0,5.0,2262.62,1179.0,0.0,0.0,0.0,89.0,0
15754.0,3.0,455.67,199.0,2.9,2.0,0.009950248756218905,51.0,0
13712.0,1.0,228.84,352.0,0.0,0.0,0.0,247.0,0
15800.0,2.0,699.08,335.0,0.0,0.0,0.0,107.0,0
16469.0,4.0,650.43,273.0,0.0,0.0,0.0,24.0,0
13005.0,2.0,468.95000000000005,172.0,44.75,5.0,0.02824858757062147,174.0,0
14981.0,1.0,102.12,97.0,0.0,0.0,0.0,246.0,0
17928.0,2.0,212.54,140.0,0.0,0.0,0.0,45.0,0
16261.0,4.0,746.83,306.0,0.0,0.0,0.0,17.0,0
17883.0,4.0,671.77,379.0,0.0,0.0,0.0,3.0,0
14619.0,1.0,379.51,152.0,14.93,7.0,0.0440251572327044,246.0,0
13995.0,5.0,1383.49,879.0,10.2,12.0,0.013468013468013467,15.0,0
16643.0,1.0,487.51,269.0,0.0,0.0,0.0,246.0,0
14246.0,3.0,1474.06,804.0,0.0,0.0,0.0,111.0,0
18040.0,2.0,357.20000000000005,148.0,0.0,0.0,0.0,19.0,0
16837.0,11.0,3167.73,1563.0,3.25,1.0,0.0006393861892583121,31.0,0
15119.0,1.0,266.4,88.0,0.0,0.0,0.0,246.0,0
16325.0,3.0,510.54,194.0,83.7,30.0,0.13392857142857142,47.0,-1
14924.0,1.0,310.05,64.0,0.0,0.0,0.0,246.0,0
15109.0,1.0,463.75,131.0,21.2,4.0,0.02962962962962963,246.0,0
16623.0,1.0,129.45,39.0,0.0,0.0,0.0,246.0,0
12999.0,3.0,455.88,342.0,0.0,0.0,0.0,196.0,0
12717.0,2.0,980.98,506.0,50.0,1.0,0.0019723865877712033,151.0,0
13962.0,2.0,169.55,87.0,0.0,0.0,0.0,22.0,0
18036.0,3.0,405.62,234.0,0.0,0.0,0.0,32.0,0
14958.0,3.0,499.68,129.0,0.0,0.0,0.0,147.0,0
13562.0,3.0,1799.33,757.0,0.0,0.0,0.0,82.0,0
15775.0,1.0,104.9,68.0,0.0,0.0,0.0,245.0,0
17054.0,5.0,1353.83,804.0,2.5,2.0,0.0024813895781637717,28.0,0
17268.0,4.0,763.64,844.0,0.0,0.0,0.0,108.0,0
13548.0,2.0,682.41,441.0,0.0,0.0,0.0,96.0,0
13508.0,1.0,110.97,24.0,0.0,0.0,0.0,244.0,0
12447.0,1.0,476.49,190.0,0.0,0.0,0.0,243.0,0
13570.0,1.0,239.49,161.0,0.0,0.0,0.0,243.0,0
13232.0,7.0,1357.6,778.0,0.0,0.0,0.0,13.0,0
18129.0,1.0,112.55000000000001,48.0,0.0,0.0,0.0,243.0,0
13632.0,5.0,2117.02,1037.0,4.25,1.0,0.0009633911368015414,25.0,0
15665.0,2.0,2242.01,1666.0,0.0,0.0,0.0,168.0,0
17550.0,3.0,267.16,86.0,0.0,0.0,0.0,197.0,0
15655.0,1.0,511.31999999999994,324.0,49.35,5.0,0.015197568389057751,243.0,0
14286.0,3.0,4595.81,4338.0,32.94,32.0,0.007322654462242563,24.0,0
16188.0,4.0,981.86,782.0,0.0,0.0,0.0,45.0,0
12656.0,5.0,3982.7200000000003,1723.0,68.45,15.0,0.00863060989643268,17.0,0
15214.0,8.0,1661.44,1254.0,0.0,0.0,0.0,2.0,0
17574.0,1.0,185.65,77.0,0.0,0.0,0.0,243.0,0
15737.0,8.0,1121.21,599.0,83.91,15.0,0.024429967426710098,15.0,0
18080.0,2.0,1231.5,642.0,0.0,0.0,0.0,19.0,0
14311.0,1.0,229.70999999999998,146.0,80.55,21.0,0.12574850299401197,243.0,0
14339.0,1.0,289.90999999999997,168.0,19.61,18.0,0.0967741935483871,243.0,0
12982.0,1.0,377.20000000000005,288.0,13.34,10.0,0.03355704697986577,243.0,0
12701.0,2.0,797.71,678.0,0.0,0.0,0.0,80.0,0
12596.0,2.0,618.27,474.0,0.0,0.0,0.0,51.0,0
14273.0,4.0,559.97,264.0,0.0,0.0,0.0,51.0,0
12363.0,2.0,552.0,408.0,0.0,0.0,0.0,110.0,0
13549.0,7.0,916.12,458.0,2.08,1.0,0.002178649237472767,26.0,0
15414.0,3.0,774.9000000000001,443.0,0.0,0.0,0.0,10.0,0
13203.0,4.0,869.46,800.0,0.0,0.0,0.0,10.0,0
14628.0,2.0,671.96,272.0,0.0,0.0,0.0,91.0,0
14326.0,1.0,166.85,103.0,17.0,4.0,0.037383177570093455,242.0,0
15935.0,2.0,416.86,115.0,0.0,0.0,0.0,239.0,0
13655.0,2.0,932.97,605.0,0.0,0.0,0.0,114.0,0
12910.0,8.0,3075.04,1692.0,0.0,0.0,0.0,23.0,0
13577.0,4.0,1658.3000000000002,791.0,29.3,20.0,0.02466091245376079,25.0,0
15251.0,11.0,10327.11,6171.0,157.88,87.0,0.013902205177372963,9.0,0
14111.0,4.0,688.6,458.0,4.25,1.0,0.002178649237472767,14.0,0
17160.0,6.0,3518.03,2856.0,0.0,0.0,0.0,31.0,0
16172.0,5.0,1140.21,787.0,0.0,0.0,0.0,95.0,0
17972.0,1.0,136.04,37.0,0.0,0.0,0.0,242.0,0
12463.0,4.0,1303.6299999999999,776.0,41.15,19.0,0.02389937106918239,53.0,0
14844.0,4.0,3189.81,1833.0,0.0,0.0,0.0,64.0,0
17278.0,1.0,246.04,179.0,0.0,0.0,0.0,241.0,0
15212.0,1.0,88.95,36.0,12.85,3.0,0.07692307692307693,241.0,0
16729.0,21.0,7076.28,5783.0,163.64,14.0,0.002415042263239607,38.0,0
14998.0,2.0,429.87,270.0,0.0,0.0,0.0,170.0,0
13484.0,1.0,313.8,44.0,0.0,0.0,0.0,241.0,0
16697.0,1.0,112.75,27.0,0.0,0.0,0.0,241.0,0
14931.0,5.0,964.6800000000001,417.0,293.0,1.0,0.0023923444976076554,5.0,0
18236.0,6.0,882.24,403.0,0.0,0.0,0.0,30.0,0
13740.0,1.0,350.75,425.0,0.0,0.0,0.0,241.0,0
16454.0,2.0,-8.15,3.0,15.05,1.0,0.25,45.0,-1
15230.0,2.0,429.6,351.0,0.0,0.0,0.0,239.0,0
15134.0,8.0,1387.99,887.0,0.0,0.0,0.0,15.0,0
16309.0,2.0,686.6700000000001,467.0,19.9,2.0,0.0042643923240938165,106.0,0
13544.0,2.0,291.41,127.0,0.0,0.0,0.0,40.0,0
14262.0,8.0,2618.23,1645.0,0.0,0.0,0.0,8.0,0
13134.0,4.0,1740.6299999999999,1059.0,52.95,15.0,0.013966480446927373,86.0,0
17589.0,4.0,2404.17,1631.0,0.0,0.0,0.0,60.0,0
16097.0,1.0,185.04999999999998,87.0,0.0,0.0,0.0,240.0,0
13122.0,2.0,922.39,585.0,0.0,0.0,0.0,94.0,0
16966.0,7.0,2148.47,1981.0,6.5,3.0,0.0015120967741935483,8.0,0
17746.0,1.0,98.8,29.0,11.45,3.0,0.09375,240.0,0
16175.0,4.0,1037.59,533.0,0.0,0.0,0.0,94.0,0
14834.0,6.0,1698.35,734.0,21.95,3.0,0.004070556309362279,18.0,0
16348.0,7.0,1469.45,819.0,0.0,0.0,0.0,32.0,0
15147.0,1.0,608.65,366.0,14.850000000000001,3.0,0.008130081300813009,240.0,0
16131.0,6.0,3506.54,1802.0,0.0,0.0,0.0,52.0,0
15813.0,2.0,1303.9099999999999,603.0,0.0,0.0,0.0,208.0,0
17058.0,3.0,1179.89,592.0,0.0,0.0,0.0,82.0,0
17704.0,2.0,885.19,343.0,0.0,0.0,0.0,169.0,0
16933.0,2.0,530.08,288.0,33.15,7.0,0.023728813559322035,1.0,0
13772.0,3.0,1132.13,546.0,0.0,0.0,0.0,34.0,0
16249.0,5.0,1800.07,950.0,0.0,0.0,0.0,53.0,0
14198.0,4.0,663.5,290.0,37.9,10.0,0.03333333333333333,18.0,0
13989.0,2.0,1266.08,1313.0,0.0,0.0,0.0,66.0,0
17930.0,5.0,1740.48,1594.0,0.0,0.0,0.0,36.0,0
14154.0,2.0,1345.62,465.0,0.0,0.0,0.0,239.0,0
14482.0,6.0,2068.15,1646.0,0.0,0.0,0.0,18.0,0
14163.0,4.0,2445.91,893.0,0.0,0.0,0.0,87.0,0
14105.0,1.0,1260.33,800.0,5.9,2.0,0.0024937655860349127,239.0,0
17601.0,1.0,116.00999999999999,103.0,0.0,0.0,0.0,239.0,0
17142.0,1.0,579.0,81.0,0.0,0.0,0.0,239.0,0
13811.0,3.0,591.75,68.0,222.75,1.0,0.014492753623188406,184.0,0
12457.0,7.0,1917.78,844.0,445.45,149.0,0.1500503524672709,66.0,-1
15135.0,1.0,127.15,43.0,11.9,2.0,0.044444444444444446,239.0,0
16806.0,4.0,801.49,378.0,0.0,0.0,0.0,103.0,0
13952.0,2.0,3246.091,1431.0,4.9799999999999995,6.0,0.0041753653444676405,218.0,0
13120.0,1.0,30.599999999999998,12.0,0.0,0.0,0.0,239.0,0
12769.0,1.0,1143.6,356.0,0.0,0.0,0.0,239.0,0
13516.0,3.0,1389.41,985.0,0.0,0.0,0.0,21.0,0
14323.0,2.0,574.2600000000001,350.0,30.800000000000004,10.0,0.027777777777777776,115.0,0
18079.0,4.0,3651.97,7432.0,0.0,0.0,0.0,45.0,0
12639.0,1.0,486.1,201.0,0.0,0.0,0.0,239.0,0
14700.0,3.0,2235.3,1342.0,0.0,0.0,0.0,32.0,0
15027.0,4.0,1051.9499999999998,565.0,14.2,2.0,0.003527336860670194,31.0,0
17367.0,1.0,168.4,150.0,0.0,0.0,0.0,238.0,0
18213.0,1.0,232.48000000000002,232.0,0.0,0.0,0.0,237.0,0
17029.0,2.0,716.0,400.0,0.0,0.0,0.0,111.0,0
13220.0,4.0,819.2900000000001,196.0,0.0,0.0,0.0,78.0,0
15985.0,2.0,1037.42,1086.0,105.0,250.0,0.18712574850299402,123.0,-1
16193.0,1.0,314.45,219.0,0.0,0.0,0.0,237.0,0
15172.0,5.0,1624.05,1611.0,0.0,0.0,0.0,9.0,0
13692.0,3.0,1466.87,1226.0,21.45,2.0,0.0016286644951140066,25.0,0
15745.0,4.0,1071.24,421.0,23.35,9.0,0.020930232558139535,19.0,0
17582.0,1.0,175.27,123.0,0.0,0.0,0.0,236.0,0
13474.0,1.0,229.59,132.0,0.0,0.0,0.0,236.0,0
17697.0,1.0,338.95,93.0,0.0,0.0,0.0,236.0,0
16639.0,3.0,1169.3799999999999,510.0,88.13000000000001,7.0,0.013539651837524178,31.0,0
16947.0,1.0,406.48,312.0,0.0,0.0,0.0,236.0,0
15491.0,6.0,3090.8500000000004,1646.0,9.24,22.0,0.013189448441247002,95.0,0
16617.0,1.0,151.85,91.0,0.0,0.0,0.0,236.0,0
15265.0,2.0,1506.1200000000001,612.0,0.0,0.0,0.0,151.0,0
16226.0,3.0,255.12,192.0,0.0,0.0,0.0,203.0,0
18009.0,1.0,252.23999999999998,126.0,5.1,2.0,0.015625,235.0,0
16399.0,2.0,408.57,264.0,0.0,0.0,0.0,19.0,0
14623.0,5.0,869.35,419.0,19.9,2.0,0.004750593824228029,32.0,0
15625.0,4.0,1504.56,1188.0,29.7,22.0,0.01818181818181818,104.0,0
18064.0,2.0,814.0,384.0,0.0,0.0,0.0,133.0,0
15508.0,6.0,1000.27,440.0,0.0,0.0,0.0,189.0,0
16628.0,5.0,2183.04,1205.0,5.01,3.0,0.0024834437086092716,30.0,0
13647.0,4.0,1670.22,895.0,7.9,1.0,0.0011160714285714285,10.0,0
15594.0,5.0,1767.53,983.0,4.25,1.0,0.0010162601626016261,16.0,0
13479.0,2.0,291.0,134.0,9.95,1.0,0.007407407407407408,201.0,0
13735.0,4.0,2766.1800000000003,1130.0,119.06,47.0,0.03993203058623619,25.0,0
13376.0,3.0,1019.76,493.0,0.0,0.0,0.0,99.0,0
15717.0,1.0,150.3,70.0,0.0,0.0,0.0,234.0,0
13719.0,5.0,1041.68,609.0,0.0,0.0,0.0,15.0,0
16633.0,6.0,2878.15,1138.0,4.95,1.0,0.000877963125548727,17.0,0
13101.0,1.0,101.19,113.0,0.0,0.0,0.0,234.0,0
15225.0,1.0,409.40000000000003,226.0,0.0,0.0,0.0,234.0,0
14152.0,2.0,611.0899999999999,711.0,10.2,12.0,0.016597510373443983,75.0,0
12733.0,1.0,383.95,137.0,0.0,0.0,0.0,234.0,0
15436.0,3.0,1122.53,613.0,0.0,0.0,0.0,12.0,0
17217.0,1.0,113.5,24.0,0.0,0.0,0.0,234.0,0
17734.0,3.0,700.63,422.0,0.0,0.0,0.0,54.0,0
14905.0,2.0,599.9,287.0,16.25,13.0,0.043333333333333335,158.0,0
14148.0,1.0,157.2,16.0,0.0,0.0,0.0,234.0,0
16103.0,6.0,1429.64,558.0,0.0,0.0,0.0,7.0,0
14626.0,4.0,2757.07,1403.0,34.2,16.0,0.01127554615926709,24.0,0
14868.0,8.0,2939.6400000000003,1405.0,13.95,6.0,0.004252303330970942,3.0,0
18246.0,2.0,596.1,166.0,0.0,0.0,0.0,24.0,0
13485.0,1.0,454.24,277.0,0.0,0.0,0.0,233.0,0
15517.0,1.0,267.03,293.0,0.0,0.0,0.0,233.0,0
17115.0,3.0,806.9,372.0,30.6,4.0,0.010638297872340425,8.0,0
17120.0,1.0,307.46,120.0,0.0,0.0,0.0,233.0,0
16611.0,1.0,120.99000000000001,47.0,8.5,1.0,0.020833333333333332,186.0,0
15912.0,2.0,264.62,185.0,0.0,0.0,0.0,178.0,0
12506.0,1.0,73.5,23.0,0.0,0.0,0.0,233.0,0
12670.0,5.0,2986.15,1397.0,9.9,6.0,0.0042765502494654314,10.0,0
17588.0,3.0,1240.2,676.0,0.0,0.0,0.0,100.0,0
14759.0,3.0,1625.97,569.0,0.0,0.0,0.0,5.0,0
16185.0,2.0,529.41,260.0,0.0,0.0,0.0,17.0,0
13505.0,4.0,4282.88,2486.0,110.75,25.0,0.009956192751891677,73.0,0
13389.0,3.0,797.96,429.0,0.0,0.0,0.0,11.0,0
12354.0,1.0,1079.4,530.0,0.0,0.0,0.0,232.0,0
17631.0,3.0,528.33,334.0,0.0,0.0,0.0,2.0,0
17061.0,11.0,5116.13,1526.0,116.10000000000001,42.0,0.026785714285714284,74.0,0
17718.0,1.0,139.35,83.0,0.0,0.0,0.0,232.0,0
17630.0,2.0,503.59999999999997,158.0,0.0,0.0,0.0,170.0,0
13223.0,2.0,163.20000000000002,88.0,0.0,0.0,0.0,200.0,0
16146.0,3.0,734.13,427.0,0.0,0.0,0.0,157.0,0
17109.0,6.0,869.68,589.0,15.360000000000001,16.0,0.026446280991735537,29.0,0
16587.0,1.0,225.15,71.0,0.0,0.0,0.0,232.0,0
12622.0,1.0,180.1,69.0,0.0,0.0,0.0,232.0,0
16750.0,5.0,623.93,214.0,0.0,0.0,0.0,45.0,0
13482.0,1.0,184.64,116.0,0.0,0.0,0.0,232.0,0
14512.0,2.0,275.28,122.0,0.0,0.0,0.0,188.0,0
17670.0,1.0,205.7,110.0,0.0,0.0,0.0,228.0,0
16834.0,1.0,413.46,358.0,0.0,0.0,0.0,228.0,0
15108.0,4.0,1291.75,499.0,8.5,2.0,0.003992015968063872,142.0,0
16942.0,9.0,1894.11,811.0,26.479999999999997,4.0,0.0049079754601227,13.0,0
14640.0,6.0,2042.1499999999999,886.0,82.92999999999999,57.0,0.060445387062566275,24.0,0
16823.0,1.0,358.38,136.0,0.0,0.0,0.0,227.0,0
15237.0,4.0,1412.32,1071.0,0.0,0.0,0.0,2.0,0
12573.0,1.0,160.54000000000002,84.0,0.0,0.0,0.0,227.0,0
17854.0,2.0,311.26,84.0,0.0,0.0,0.0,185.0,0
18220.0,1.0,297.78000000000003,288.0,7.5,6.0,0.02040816326530612,227.0,0
17436.0,2.0,216.29999999999998,90.0,0.0,0.0,0.0,2.0,0
16965.0,1.0,201.19,291.0,0.0,0.0,0.0,227.0,0
12840.0,4.0,2714.27,1511.0,12.5,6.0,0.003955174686882004,144.0,0
15891.0,1.0,524.52,442.0,0.0,0.0,0.0,227.0,0
17187.0,1.0,203.95,144.0,0.0,0.0,0.0,227.0,0
13637.0,3.0,810.5,409.0,0.0,0.0,0.0,52.0,0
17991.0,2.0,93.35,25.0,0.0,0.0,0.0,225.0,0
16418.0,3.0,675.27,288.0,0.0,0.0,0.0,45.0,0
16099.0,3.0,731.9,434.0,0.0,0.0,0.0,50.0,0
15768.0,3.0,581.8299999999999,244.0,40.0,1.0,0.004081632653061225,116.0,0
16637.0,4.0,1124.5900000000001,927.0,29.879999999999995,36.0,0.037383177570093455,32.0,0
14240.0,2.0,890.34,418.0,0.0,0.0,0.0,30.0,0
15143.0,1.0,259.45,150.0,0.0,0.0,0.0,226.0,0
13229.0,1.0,160.95,63.0,0.0,0.0,0.0,226.0,0
14973.0,3.0,1314.45,369.0,0.0,0.0,0.0,107.0,0
14271.0,1.0,112.32,88.0,0.0,0.0,0.0,226.0,0
15952.0,4.0,806.57,399.0,0.0,0.0,0.0,34.0,0
16227.0,1.0,308.32000000000005,90.0,5.9,2.0,0.021739130434782608,225.0,0
17893.0,1.0,112.25,161.0,0.0,0.0,0.0,225.0,0
14022.0,1.0,440.0,487.0,0.0,0.0,0.0,225.0,0
15210.0,1.0,331.18,228.0,0.0,0.0,0.0,225.0,0
16370.0,4.0,1320.56,647.0,0.0,0.0,0.0,82.0,0
15376.0,3.0,1233.3600000000001,619.0,0.0,0.0,0.0,40.0,0
14655.0,4.0,1930.15,1089.0,2.08,1.0,0.0009174311926605505,8.0,0
17615.0,3.0,329.6,140.0,0.0,0.0,0.0,130.0,0
16055.0,1.0,134.8,22.0,0.0,0.0,0.0,221.0,0
14149.0,1.0,259.43,218.0,187.19,89.0,0.2899022801302932,221.0,-1
17501.0,2.0,288.6,160.0,0.0,0.0,0.0,221.0,0
14191.0,13.0,4660.01,3662.0,24.75,5.0,0.0013635124079629125,2.0,0
13282.0,3.0,1047.8400000000001,307.0,84.3,18.0,0.055384615384615386,18.0,0
15582.0,3.0,682.9100000000001,453.0,0.0,0.0,0.0,25.0,0
16230.0,2.0,542.03,365.0,0.0,0.0,0.0,190.0,0
18146.0,2.0,160.35000000000002,153.0,0.0,0.0,0.0,141.0,0
15976.0,2.0,430.94,277.0,0.0,0.0,0.0,165.0,0
17443.0,1.0,534.24,504.0,0.0,0.0,0.0,220.0,0
12886.0,2.0,1351.0900000000001,770.0,27.310000000000002,9.0,0.011553273427471117,68.0,0
17974.0,3.0,740.79,519.0,0.0,0.0,0.0,25.0,0
13524.0,5.0,680.1800000000001,324.0,0.0,0.0,0.0,41.0,0
17955.0,4.0,557.3,273.0,0.0,0.0,0.0,199.0,0
15128.0,4.0,1419.54,1343.0,51.46,17.0,0.0125,60.0,0
16610.0,1.0,75.66,66.0,0.0,0.0,0.0,219.0,0
17394.0,1.0,203.86999999999998,241.0,0.0,0.0,0.0,219.0,0
14173.0,4.0,450.84,150.0,0.0,0.0,0.0,11.0,0
16258.0,5.0,5203.51,2994.0,0.0,0.0,0.0,45.0,0
14948.0,6.0,1066.57,673.0,35.400000000000006,12.0,0.017518248175182483,23.0,0
17384.0,2.0,336.4,88.0,0.0,0.0,0.0,19.0,0
16990.0,1.0,179.0,100.0,0.0,0.0,0.0,219.0,0
13762.0,1.0,5.684341886080802e-14,272.0,306.71999999999997,272.0,0.5,219.0,3
12593.0,3.0,418.09999999999997,206.0,0.0,0.0,0.0,109.0,0
14340.0,1.0,134.7,58.0,0.0,0.0,0.0,219.0,0
17429.0,3.0,512.1200000000001,624.0,12.8,8.0,0.012658227848101266,128.0,0
13711.0,2.0,252.06,140.0,0.0,0.0,0.0,219.0,0
14515.0,6.0,2102.09,1134.0,0.0,0.0,0.0,18.0,0
16457.0,1.0,208.36,140.0,0.0,0.0,0.0,218.0,0
17527.0,4.0,888.86,488.0,50.510000000000005,25.0,0.04873294346978557,54.0,0
14199.0,1.0,185.39999999999998,28.0,0.0,0.0,0.0,218.0,0
13888.0,2.0,605.63,258.0,0.0,0.0,0.0,120.0,0
14423.0,1.0,265.2,120.0,0.0,0.0,0.0,218.0,0
14697.0,2.0,188.60999999999999,181.0,0.0,0.0,0.0,218.0,0
17522.0,5.0,1070.71,1034.0,0.0,0.0,0.0,2.0,0
13867.0,3.0,1015.29,513.0,0.0,0.0,0.0,31.0,0
17624.0,2.0,843.48,554.0,0.0,0.0,0.0,15.0,0
14393.0,1.0,67.95,13.0,0.0,0.0,0.0,218.0,0
17578.0,1.0,124.73999999999998,138.0,18.72,48.0,0.25806451612903225,218.0,-1
13450.0,6.0,2043.7199999999998,1982.0,0.0,0.0,0.0,27.0,0
17423.0,2.0,663.63,459.0,34.78,38.0,0.07645875251509054,46.0,0
18241.0,17.0,2058.09,1051.0,15.0,4.0,0.0037914691943127963,10.0,0
15668.0,1.0,76.32000000000001,72.0,0.0,0.0,0.0,218.0,0
16319.0,1.0,404.40000000000003,72.0,0.0,0.0,0.0,218.0,0
15757.0,2.0,714.42,491.0,0.0,0.0,0.0,66.0,0
17174.0,1.0,59.9,41.0,0.0,0.0,0.0,218.0,0
13365.0,2.0,2191.22,1247.0,34.150000000000006,9.0,0.007165605095541401,34.0,0
18227.0,1.0,93.75,21.0,0.0,0.0,0.0,218.0,0
14145.0,4.0,3148.2,756.0,594.0,120.0,0.136986301369863,47.0,-1
18235.0,3.0,1796.48,1578.0,0.0,0.0,0.0,72.0,0
13741.0,3.0,666.33,218.0,2.1,1.0,0.0045662100456621,72.0,0
12394.0,2.0,1272.48,819.0,0.0,0.0,0.0,64.0,0
16832.0,3.0,199.15,33.0,0.0,0.0,0.0,184.0,0
15258.0,2.0,623.16,142.0,0.0,0.0,0.0,169.0,0
15552.0,1.0,90.12,60.0,0.0,0.0,0.0,217.0,0
18170.0,3.0,980.31,409.0,0.0,0.0,0.0,33.0,0
13723.0,1.0,199.85000000000002,43.0,0.0,0.0,0.0,217.0,0
14005.0,5.0,2874.72,2478.0,0.0,0.0,0.0,10.0,0
15561.0,4.0,722.74,267.0,77.85000000000001,11.0,0.039568345323741004,12.0,0
16121.0,2.0,867.11,586.0,0.0,0.0,0.0,57.0,0
18142.0,2.0,1014.9,1276.0,4.62,3.0,0.0023455824863174357,157.0,0
13642.0,1.0,354.8,173.0,0.0,0.0,0.0,216.0,0
15117.0,5.0,1550.1299999999999,1948.0,1.65,1.0,0.000513083632632119,15.0,0
13561.0,1.0,141.85999999999999,83.0,0.0,0.0,0.0,216.0,0
15704.0,4.0,2293.62,1028.0,0.0,0.0,0.0,140.0,0
16007.0,4.0,1701.94,1393.0,0.0,0.0,0.0,48.0,0
16232.0,4.0,983.23,550.0,7.6499999999999995,3.0,0.0054249547920434,44.0,0
17410.0,5.0,1214.72,616.0,0.0,0.0,0.0,16.0,0
13835.0,4.0,834.57,442.0,0.0,0.0,0.0,25.0,0
13427.0,3.0,582.6,545.0,0.0,0.0,0.0,19.0,0
14353.0,1.0,90.6,64.0,0.0,0.0,0.0,215.0,0
12700.0,4.0,4867.99,2967.0,72.0,4.0,0.0013463480309660047,8.0,0
13003.0,3.0,149.05,103.0,0.0,0.0,0.0,106.0,0
16756.0,1.0,239.4,106.0,0.0,0.0,0.0,215.0,0
13492.0,3.0,1269.84,408.0,0.0,0.0,0.0,136.0,0
16440.0,5.0,3640.67,2018.0,0.0,0.0,0.0,8.0,0
18120.0,1.0,111.15,31.0,0.0,0.0,0.0,214.0,0
12355.0,1.0,459.4,240.0,0.0,0.0,0.0,214.0,0
17723.0,6.0,3276.4000000000005,792.0,0.0,0.0,0.0,127.0,0
14699.0,1.0,109.13000000000001,77.0,0.0,0.0,0.0,214.0,0
12821.0,1.0,92.72,70.0,0.0,0.0,0.0,214.0,0
13055.0,3.0,1201.96,894.0,12.450000000000001,3.0,0.0033444816053511705,78.0,0
13320.0,4.0,1491.7,1096.0,57.0,30.0,0.02664298401420959,78.0,0
16357.0,3.0,658.88,246.0,0.0,0.0,0.0,33.0,0
18242.0,4.0,2232.4900000000002,1017.0,0.0,0.0,0.0,72.0,0
15865.0,3.0,895.13,368.0,0.0,0.0,0.0,41.0,0
17597.0,1.0,2044.3700000000001,1176.0,0.0,0.0,0.0,214.0,0
14397.0,19.0,2556.68,1890.0,56.28,38.0,0.01970954356846473,3.0,0
13242.0,3.0,270.40000000000003,130.0,0.0,0.0,0.0,112.0,0
12684.0,7.0,2283.63,1985.0,0.0,0.0,0.0,8.0,0
14288.0,1.0,413.85,188.0,12.75,1.0,0.005291005291005291,213.0,0
15063.0,1.0,370.79999999999995,56.0,0.0,0.0,0.0,213.0,0
12592.0,2.0,437.6,290.0,0.0,0.0,0.0,92.0,0
14591.0,4.0,1447.14,1297.0,0.0,0.0,0.0,15.0,0
13990.0,1.0,311.3,190.0,0.0,0.0,0.0,213.0,0
12749.0,5.0,3868.2000000000003,1471.0,222.68,49.0,0.03223684210526316,4.0,0
16320.0,2.0,1038.46,732.0,0.0,0.0,0.0,172.0,0
14691.0,5.0,2114.33,707.0,0.0,0.0,0.0,31.0,0
16229.0,2.0,1010.6,318.0,0.0,0.0,0.0,87.0,0
14920.0,2.0,977.77,509.0,0.0,0.0,0.0,213.0,0
17489.0,2.0,376.64,428.0,0.0,0.0,0.0,59.0,0
13404.0,2.0,252.49,111.0,0.0,0.0,0.0,1.0,0
15729.0,1.0,62.0,28.0,23.0,4.0,0.125,213.0,-1
16644.0,2.0,833.78,826.0,0.0,0.0,0.0,178.0,0
14731.0,3.0,380.02,256.0,0.0,0.0,0.0,47.0,0
14277.0,3.0,3957.0,1984.0,259.2,360.0,0.15358361774744028,15.0,-1
15187.0,16.0,4670.08,1887.0,107.1,18.0,0.009448818897637795,2.0,0
13052.0,1.0,348.15000000000003,222.0,0.0,0.0,0.0,212.0,0
18133.0,1.0,715.4999999999999,1350.0,216.0,1350.0,0.5,212.0,-1
17664.0,2.0,604.64,604.0,0.0,0.0,0.0,19.0,0
14649.0,4.0,1417.29,1018.0,0.0,0.0,0.0,5.0,0
13235.0,1.0,101.16999999999996,441.0,929.9,1.0,0.0022624434389140274,212.0,0
14883.0,6.0,756.64,790.0,4.95,1.0,0.0012642225031605564,19.0,0
12976.0,1.0,738.6,561.0,0.0,0.0,0.0,212.0,0
14681.0,3.0,498.95,76.0,0.0,0.0,0.0,71.0,0
14421.0,2.0,813.11,365.0,0.0,0.0,0.0,57.0,0
16116.0,1.0,592.88,248.0,19.9,2.0,0.008,212.0,0
14988.0,1.0,334.54,141.0,0.0,0.0,0.0,212.0,0
15489.0,3.0,1090.03,608.0,44.25000000000001,15.0,0.024077046548956663,23.0,0
14364.0,8.0,3717.35,1967.0,0.0,0.0,0.0,109.0,0
16006.0,1.0,101.4,84.0,0.0,0.0,0.0,211.0,0
16184.0,6.0,1155.54,561.0,3.25,1.0,0.0017793594306049821,64.0,0
17932.0,3.0,1331.57,789.0,0.0,0.0,0.0,29.0,0
18221.0,5.0,1033.31,791.0,8.3,2.0,0.0025220680958385876,22.0,0
12590.0,2.0,9861.380000000001,4283.0,2.88,4.0,0.0009330534173081409,211.0,-1
14853.0,2.0,463.05,82.0,12.75,1.0,0.012048192771084338,24.0,0
17658.0,2.0,485.88,616.0,109.53999999999999,94.0,0.1323943661971831,26.0,-1
17764.0,2.0,818.8199999999999,395.0,0.0,0.0,0.0,51.0,0
14651.0,2.0,654.6,344.0,0.0,0.0,0.0,67.0,0
14000.0,1.0,633.7099999999999,710.0,1.9500000000000002,3.0,0.004207573632538569,211.0,0
13601.0,2.0,693.32,548.0,0.0,0.0,0.0,45.0,0
12757.0,13.0,4227.700000000001,2402.0,3629.4,17.0,0.007027697395618024,16.0,0
17970.0,1.0,582.59,525.0,0.0,0.0,0.0,211.0,0
12770.0,1.0,1351.45,743.0,0.0,0.0,0.0,211.0,0
15826.0,3.0,1649.36,963.0,4.95,1.0,0.001037344398340249,56.0,0
15907.0,3.0,967.45,509.0,0.0,0.0,0.0,4.0,0
12695.0,4.0,582.1,220.0,0.0,0.0,0.0,7.0,0
14342.0,4.0,607.71,347.0,60.85000000000001,10.0,0.028011204481792718,21.0,0
14873.0,1.0,519.68,168.0,0.0,0.0,0.0,210.0,0
14689.0,1.0,112.8,76.0,0.0,0.0,0.0,209.0,0
15440.0,3.0,383.68,197.0,0.0,0.0,0.0,55.0,0
16076.0,10.0,2173.53,1435.0,61.199999999999996,72.0,0.047777040477770406,3.0,0
15333.0,1.0,1028.56,344.0,0.0,0.0,0.0,208.0,0
16283.0,5.0,1531.51,1236.0,39.300000000000004,14.0,0.0112,6.0,0
17263.0,1.0,63.440000000000005,36.0,0.0,0.0,0.0,208.0,0
16877.0,6.0,853.72,463.0,0.0,0.0,0.0,12.0,0
12674.0,4.0,1919.31,1133.0,51.29,31.0,0.02663230240549828,39.0,0
16642.0,2.0,679.83,479.0,8.5,1.0,0.0020833333333333333,5.0,0
12871.0,2.0,380.64,200.0,0.0,0.0,0.0,84.0,0
14038.0,3.0,1554.48,965.0,5.9,2.0,0.002068252326783868,78.0,0
14489.0,1.0,463.38,299.0,0.0,0.0,0.0,207.0,0
14888.0,1.0,369.2,184.0,0.0,0.0,0.0,207.0,0
17190.0,2.0,249.74,161.0,195.0,1.0,0.006172839506172839,59.0,0
13456.0,6.0,1737.82,765.0,28.9,9.0,0.011627906976744186,18.0,0
17898.0,2.0,152.06,190.0,0.0,0.0,0.0,85.0,0
13976.0,1.0,357.98,154.0,0.0,0.0,0.0,207.0,0
16139.0,3.0,635.41,330.0,0.0,0.0,0.0,19.0,0
15730.0,3.0,1108.38,689.0,12.5,6.0,0.008633093525179856,66.0,0
16266.0,7.0,861.89,398.0,0.0,0.0,0.0,74.0,0
15123.0,2.0,2199.31,1195.0,0.0,0.0,0.0,7.0,0
17505.0,2.0,1145.84,556.0,0.0,0.0,0.0,162.0,0
12690.0,1.0,389.01,106.0,0.0,0.0,0.0,206.0,0
16446.0,2.0,2.8999999999941792,80997.0,168469.6,80995.0,0.4999938268556472,1.0,-1
17556.0,1.0,157.9,101.0,0.0,0.0,0.0,206.0,0
14583.0,5.0,1052.55,792.0,0.0,0.0,0.0,6.0,0
16818.0,11.0,3317.9700000000003,2165.0,31.599999999999998,2.0,0.0009229349330872173,11.0,0
13572.0,1.0,1384.25,534.0,0.0,0.0,0.0,206.0,0
14009.0,2.0,685.9300000000001,365.0,9.680000000000001,4.0,0.01084010840108401,198.0,0
13258.0,3.0,698.58,287.0,0.0,0.0,0.0,12.0,0
14463.0,3.0,529.62,179.0,0.0,0.0,0.0,98.0,0
13192.0,2.0,911.94,595.0,0.0,0.0,0.0,95.0,0
16987.0,7.0,1625.05,402.0,0.0,0.0,0.0,3.0,0
13417.0,2.0,640.83,162.0,0.0,0.0,0.0,5.0,0
17047.0,3.0,1100.9,533.0,0.0,0.0,0.0,85.0,0
15116.0,4.0,1352.75,648.0,0.0,0.0,0.0,18.0,0
17469.0,5.0,1843.06,787.0,27.91,9.0,0.011306532663316583,16.0,0
16647.0,2.0,214.06,146.0,0.0,0.0,0.0,170.0,0
15630.0,2.0,1180.3999999999999,800.0,5.95,1.0,0.0012484394506866417,45.0,0
17245.0,1.0,171.45,75.0,0.0,0.0,0.0,205.0,0
16008.0,3.0,478.78,323.0,0.0,0.0,0.0,24.0,0
17871.0,1.0,155.9,182.0,0.0,0.0,0.0,205.0,0
13529.0,2.0,307.76,74.0,0.0,0.0,0.0,79.0,0
12620.0,3.0,1339.41,1181.0,0.0,0.0,0.0,15.0,0
15599.0,2.0,761.74,718.0,0.0,0.0,0.0,27.0,0
16813.0,10.0,1692.98,1525.0,0.0,0.0,0.0,8.0,0
14859.0,4.0,1352.04,671.0,1.7,2.0,0.0029717682020802376,13.0,0
16463.0,4.0,1383.7,1163.0,38.7,28.0,0.023509655751469353,21.0,0
15791.0,2.0,1604.44,731.0,8.25,1.0,0.001366120218579235,44.0,0
13658.0,5.0,2421.4700000000003,1019.0,217.7,10.0,0.009718172983479106,10.0,0
13887.0,1.0,349.55,147.0,0.0,0.0,0.0,204.0,0
12353.0,1.0,89.0,20.0,0.0,0.0,0.0,204.0,0
14551.0,2.0,186.23,106.0,0.0,0.0,0.0,18.0,0
17166.0,2.0,189.49,78.0,16.85,3.0,0.037037037037037035,39.0,0
17926.0,2.0,397.29,306.0,0.0,0.0,0.0,133.0,0
13391.0,1.0,59.8,4.0,0.0,0.0,0.0,204.0,0
17455.0,1.0,131.7,66.0,0.0,0.0,0.0,204.0,0
13308.0,3.0,1367.61,843.0,17.9,3.0,0.0035460992907801418,23.0,0
13856.0,3.0,363.4,494.0,25.1,10.0,0.01984126984126984,169.0,0
13243.0,1.0,600.07,233.0,0.0,0.0,0.0,203.0,0
15095.0,4.0,1364.6999999999998,1079.0,5.9,2.0,0.0018501387604070306,104.0,0
18048.0,2.0,172.29000000000002,127.0,0.0,0.0,0.0,203.0,0
18287.0,3.0,1837.28,1586.0,0.0,0.0,0.0,43.0,0
18150.0,3.0,566.58,332.0,0.0,0.0,0.0,32.0,0
16690.0,2.0,208.63,138.0,16.95,1.0,0.007194244604316547,72.0,0
13555.0,4.0,4149.28,2660.0,0.0,0.0,0.0,74.0,0
16038.0,3.0,454.33000000000004,244.0,17.45,3.0,0.012145748987854251,8.0,0
13972.0,2.0,190.25,187.0,0.0,0.0,0.0,71.0,0
13227.0,1.0,257.7,99.0,0.0,0.0,0.0,202.0,0
13657.0,2.0,382.14,209.0,0.0,0.0,0.0,11.0,0
17176.0,1.0,306.13,170.0,0.0,0.0,0.0,202.0,0
14837.0,4.0,1641.2,1436.0,8.3,6.0,0.004160887656033287,90.0,0
14682.0,2.0,52.0,80.0,0.0,0.0,0.0,188.0,0
14921.0,2.0,1316.07,953.0,0.0,0.0,0.0,30.0,0
16341.0,4.0,1959.3799999999999,1398.0,12.49,10.0,0.007102272727272727,25.0,0
14647.0,1.0,243.22,95.0,0.0,0.0,0.0,201.0,0
12710.0,3.0,1130.57,851.0,18.45,2.0,0.0023446658851113715,97.0,0
15292.0,1.0,180.94,56.0,0.0,0.0,0.0,201.0,0
15705.0,1.0,143.1,62.0,0.0,0.0,0.0,201.0,0
13339.0,1.0,860.12,326.0,0.0,0.0,0.0,201.0,0
13885.0,2.0,506.8,182.0,0.0,0.0,0.0,189.0,0
12360.0,3.0,2662.06,1165.0,0.0,0.0,0.0,52.0,0
13546.0,3.0,626.99,359.0,0.0,0.0,0.0,12.0,0
17715.0,1.0,326.4,384.0,0.0,0.0,0.0,201.0,0
18160.0,2.0,638.0600000000001,294.0,0.0,0.0,0.0,57.0,0
15434.0,5.0,997.48,647.0,44.0,9.0,0.013719512195121951,8.0,0
15734.0,2.0,1339.45,346.0,0.0,0.0,0.0,115.0,0
13737.0,1.0,339.59999999999997,125.0,0.0,0.0,0.0,200.0,0
13213.0,5.0,1518.4299999999998,1360.0,2.15,3.0,0.0022010271460014674,57.0,0
18018.0,2.0,122.14,55.0,0.0,0.0,0.0,108.0,0
15314.0,1.0,327.97,313.0,0.0,0.0,0.0,199.0,0
17521.0,3.0,721.9599999999999,519.0,1.25,1.0,0.0019230769230769232,30.0,0
15042.0,1.0,135.93,30.0,0.0,0.0,0.0,199.0,0
12863.0,1.0,504.20000000000005,188.0,17.0,2.0,0.010526315789473684,52.0,0
16091.0,2.0,315.06,154.0,0.0,0.0,0.0,155.0,0
15804.0,13.0,3848.55,2567.0,357.84,52.0,0.019854906452844597,1.0,0
14593.0,3.0,617.99,332.0,0.0,0.0,0.0,22.0,0
14287.0,3.0,151.23,261.0,25.4,25.0,0.08741258741258741,8.0,-1
16763.0,1.0,594.9,319.0,16.95,1.0,0.003125,199.0,0
14705.0,1.0,179.0,100.0,0.0,0.0,0.0,199.0,0
12562.0,7.0,3781.7400000000002,1779.0,0.0,0.0,0.0,8.0,0
12815.0,2.0,1063.46,379.0,0.0,0.0,0.0,148.0,0
14522.0,4.0,974.54,525.0,0.0,0.0,0.0,24.0,0
16448.0,1.0,188.89000000000001,78.0,0.0,0.0,0.0,198.0,0
14584.0,4.0,1029.26,383.0,13.0,4.0,0.0103359173126615,169.0,0
12974.0,1.0,144.8,24.0,0.0,0.0,0.0,198.0,0
12987.0,2.0,545.0,219.0,13.7,2.0,0.00904977375565611,74.0,0
14816.0,1.0,271.85,5.0,0.0,0.0,0.0,197.0,0
15852.0,2.0,160.71,48.0,0.0,0.0,0.0,187.0,0
16624.0,2.0,810.5699999999999,488.0,0.0,0.0,0.0,81.0,0
12493.0,2.0,416.79,207.0,16.95,1.0,0.004807692307692308,166.0,0
18232.0,4.0,582.47,302.0,10.5,3.0,0.009836065573770493,82.0,0
18073.0,12.0,3864.4400000000005,3108.0,13.08,10.0,0.003207184092366902,114.0,0
16369.0,3.0,1553.66,1035.0,0.0,0.0,0.0,18.0,0
14280.0,1.0,134.04,52.0,0.0,0.0,0.0,197.0,0
13135.0,1.0,3096.0,4300.0,0.0,0.0,0.0,197.0,0
17345.0,4.0,537.74,346.0,0.0,0.0,0.0,15.0,0
16275.0,1.0,559.87,336.0,0.0,0.0,0.0,197.0,0
14338.0,2.0,554.22,335.0,34.0,6.0,0.017595307917888565,161.0,0
15402.0,2.0,626.77,694.0,0.0,0.0,0.0,149.0,0
12876.0,2.0,2218.02,1941.0,0.0,0.0,0.0,58.0,0
16323.0,1.0,207.50000000000003,50.0,0.0,0.0,0.0,196.0,0
12426.0,1.0,582.73,258.0,0.0,0.0,0.0,195.0,0
14451.0,2.0,662.59,389.0,0.0,0.0,0.0,60.0,0
14823.0,3.0,321.43,88.0,0.0,0.0,0.0,180.0,0
15897.0,2.0,222.05,261.0,0.0,0.0,0.0,194.0,0
17051.0,1.0,247.14000000000001,184.0,0.0,0.0,0.0,194.0,0
15925.0,1.0,207.15,93.0,0.0,0.0,0.0,194.0,0
12787.0,3.0,463.66,261.0,0.0,0.0,0.0,10.0,0
15863.0,2.0,68.84,19.0,0.0,0.0,0.0,26.0,0
16483.0,1.0,139.35,44.0,0.0,0.0,0.0,192.0,0
13398.0,1.0,457.34,281.0,0.0,0.0,0.0,192.0,0
13070.0,1.0,228.8,110.0,0.0,0.0,0.0,192.0,0
14819.0,2.0,272.07,109.0,0.0,0.0,0.0,64.0,0
12790.0,1.0,324.92,166.0,0.0,0.0,0.0,192.0,0
15163.0,2.0,304.47,186.0,0.0,0.0,0.0,18.0,0
18204.0,3.0,1979.3,1200.0,14.4,2.0,0.0016638935108153079,71.0,0
15124.0,2.0,184.19,233.0,0.0,0.0,0.0,23.0,0
12473.0,5.0,2848.2299999999996,2439.0,1090.32,76.0,0.030218687872763418,29.0,0
16969.0,3.0,650.41,816.0,0.0,0.0,0.0,39.0,0
14597.0,2.0,883.15,577.0,0.0,0.0,0.0,11.0,0
13917.0,2.0,272.04,228.0,0.0,0.0,0.0,50.0,0
13062.0,1.0,346.98,343.0,0.0,0.0,0.0,191.0,0
16484.0,2.0,379.40000000000003,200.0,24.900000000000002,6.0,0.02912621359223301,174.0,0
15184.0,2.0,406.76,223.0,0.0,0.0,0.0,29.0,0
18135.0,5.0,681.9100000000001,349.0,0.0,0.0,0.0,29.0,0
14453.0,1.0,119.93,49.0,0.0,0.0,0.0,190.0,0
17900.0,2.0,15.0,73.0,97.19999999999999,72.0,0.496551724137931,190.0,-1
13437.0,7.0,3408.06,1283.0,0.0,0.0,0.0,14.0,0
12517.0,5.0,2464.8900000000003,1371.0,37.949999999999996,23.0,0.01649928263988522,28.0,0
16529.0,1.0,455.25,198.0,0.0,0.0,0.0,190.0,0
17531.0,1.0,293.45,136.0,3.25,1.0,0.0072992700729927005,190.0,0
16239.0,2.0,372.9,228.0,41.300000000000004,10.0,0.04201680672268908,57.0,0
14500.0,3.0,356.85,117.0,0.0,0.0,0.0,88.0,0
16117.0,1.0,232.21,130.0,0.0,0.0,0.0,190.0,0
13248.0,2.0,465.68,305.0,0.0,0.0,0.0,125.0,0
16967.0,1.0,319.02,333.0,0.0,0.0,0.0,189.0,0
15405.0,1.0,349.1,193.0,0.0,0.0,0.0,189.0,0
16659.0,1.0,39.12,72.0,0.0,0.0,0.0,189.0,0
16880.0,7.0,1519.08,753.0,0.0,0.0,0.0,31.0,0
13435.0,7.0,3794.4900000000002,2129.0,15.4,4.0,0.001875293014533521,5.0,0
13131.0,3.0,1039.3,447.0,34.0,4.0,0.008869179600886918,23.0,0
14891.0,2.0,554.38,505.0,0.0,0.0,0.0,148.0,0
16682.0,5.0,1028.0,1040.0,0.0,0.0,0.0,5.0,0
15453.0,7.0,1388.37,845.0,0.0,0.0,0.0,2.0,0
16963.0,1.0,110.55000000000001,35.0,0.0,0.0,0.0,187.0,0
13682.0,1.0,59.5,10.0,0.0,0.0,0.0,187.0,0
15152.0,13.0,4684.24,2704.0,61.45,10.0,0.0036845983787767134,10.0,0
15462.0,3.0,234.6,172.0,0.0,0.0,0.0,94.0,0
12449.0,4.0,4067.29,1553.0,0.0,0.0,0.0,22.0,0
15349.0,2.0,473.81,327.0,0.0,0.0,0.0,158.0,0
16849.0,1.0,124.57,33.0,0.0,0.0,0.0,187.0,0
12802.0,1.0,412.58,314.0,15.0,12.0,0.03680981595092025,187.0,0
15073.0,3.0,612.4300000000001,491.0,430.98,214.0,0.30354609929078014,10.0,-1
16298.0,3.0,598.2,198.0,0.0,0.0,0.0,23.0,0
12535.0,2.0,716.35,219.0,0.0,0.0,0.0,92.0,0
18248.0,2.0,783.02,511.0,21.0,10.0,0.019193857965451054,123.0,0
15386.0,1.0,394.14,446.0,0.0,0.0,0.0,186.0,0
17252.0,2.0,353.86,193.0,0.0,0.0,0.0,117.0,0
14542.0,1.0,103.25,19.0,0.0,0.0,0.0,186.0,0
16825.0,2.0,775.1800000000001,566.0,0.0,0.0,0.0,39.0,0
12380.0,4.0,2720.56,1127.0,4.25,1.0,0.0008865248226950354,22.0,0
18072.0,1.0,0.0,288.0,247.44,242.0,0.45660377358490567,186.0,-1
13643.0,3.0,519.44,273.0,0.0,0.0,0.0,31.0,0
15969.0,3.0,582.9,124.0,83.2,4.0,0.03125,3.0,0
13283.0,2.0,93.66,90.0,0.0,0.0,0.0,60.0,0
17015.0,3.0,1842.56,1981.0,0.0,0.0,0.0,29.0,0
14375.0,1.0,257.68,194.0,0.0,0.0,0.0,185.0,0
17124.0,1.0,298.89,130.0,0.0,0.0,0.0,185.0,0
17987.0,1.0,198.57,261.0,0.0,0.0,0.0,185.0,0
13395.0,1.0,307.72,336.0,0.0,0.0,0.0,185.0,0
17828.0,4.0,1599.9699999999998,667.0,220.12,26.0,0.03751803751803752,23.0,0
15743.0,4.0,784.46,216.0,0.0,0.0,0.0,16.0,0
17414.0,2.0,778.0,2100.0,0.0,0.0,0.0,44.0,0
14622.0,1.0,320.58000000000004,146.0,0.0,0.0,0.0,185.0,0
15609.0,1.0,270.03000000000003,148.0,28.45,3.0,0.019867549668874173,184.0,0
14561.0,3.0,1080.76,1014.0,0.0,0.0,0.0,76.0,0
16872.0,3.0,680.02,600.0,0.0,0.0,0.0,77.0,0
16358.0,4.0,2024.95,1302.0,2.55,1.0,0.0007674597083653108,1.0,0
15238.0,3.0,1056.54,692.0,15.45,3.0,0.004316546762589928,29.0,0
13466.0,1.0,297.95,259.0,9.95,1.0,0.0038461538461538464,184.0,0
17360.0,3.0,585.79,335.0,0.0,0.0,0.0,17.0,0
13510.0,4.0,1785.1599999999999,1386.0,6.4,4.0,0.0028776978417266188,1.0,0
12406.0,2.0,3280.75,1818.0,134.55,9.0,0.0049261083743842365,22.0,0
14241.0,1.0,213.70000000000002,146.0,0.0,0.0,0.0,184.0,0
14132.0,11.0,3580.1299999999997,3368.0,5.9,2.0,0.0005934718100890207,2.0,0
14963.0,5.0,1487.8,1176.0,0.0,0.0,0.0,10.0,0
17169.0,2.0,816.88,526.0,18.9,7.0,0.013133208255159476,58.0,0
15252.0,2.0,740.78,522.0,0.0,0.0,0.0,36.0,0
17731.0,4.0,878.1999999999999,493.0,361.90999999999997,101.0,0.17003367003367004,79.0,-1
16113.0,1.0,161.38,176.0,0.0,0.0,0.0,183.0,0
12694.0,2.0,869.67,509.0,0.0,0.0,0.0,70.0,0
16107.0,7.0,3204.1600000000003,1176.0,0.0,0.0,0.0,18.0,0
17483.0,3.0,414.04,191.0,0.0,0.0,0.0,65.0,0
15679.0,4.0,781.28,1170.0,0.0,0.0,0.0,24.0,0
13686.0,1.0,72.0,70.0,0.0,0.0,0.0,183.0,0
16581.0,1.0,70.44,134.0,35.400000000000006,12.0,0.0821917808219178,183.0,0
15267.0,5.0,1717.36,944.0,0.0,0.0,0.0,22.0,0
17234.0,1.0,149.89000000000001,55.0,0.0,0.0,0.0,183.0,0
17797.0,3.0,780.43,498.0,0.0,0.0,0.0,22.0,0
16614.0,1.0,506.19,223.0,0.0,0.0,0.0,183.0,0
12409.0,3.0,11056.93,5551.0,15.74,8.0,0.0014391077531930203,79.0,0
15411.0,4.0,1346.38,530.0,12.5,2.0,0.0037593984962406013,26.0,0
14178.0,7.0,1620.93,1505.0,0.0,0.0,0.0,9.0,0
15098.0,3.0,649.5,121.0,39267.0,61.0,0.33516483516483514,182.0,-1
18281.0,1.0,80.82,54.0,0.0,0.0,0.0,181.0,0
14984.0,2.0,213.27,60.0,0.0,0.0,0.0,19.0,0
12516.0,2.0,1312.06,875.0,0.0,0.0,0.0,78.0,0
17265.0,2.0,562.9,394.0,0.0,0.0,0.0,139.0,0
13617.0,3.0,544.18,300.0,0.0,0.0,0.0,40.0,0
17242.0,2.0,1135.04,611.0,0.0,0.0,0.0,108.0,0
17289.0,3.0,936.16,520.0,8.25,1.0,0.0019193857965451055,32.0,0
16018.0,2.0,408.90000000000003,190.0,0.0,0.0,0.0,39.0,0
14704.0,9.0,1546.91,1082.0,0.0,0.0,0.0,11.0,0
16794.0,10.0,1201.51,937.0,21.2,4.0,0.004250797024442083,1.0,0
13761.0,2.0,1070.65,642.0,0.0,0.0,0.0,50.0,0
13517.0,3.0,2109.07,1369.0,19.35,9.0,0.006531204644412192,60.0,0
13936.0,1.0,361.28,330.0,15.299999999999999,6.0,0.017857142857142856,180.0,0
16342.0,4.0,322.41,157.0,0.0,0.0,0.0,75.0,0
14177.0,4.0,554.4599999999999,205.0,4.95,1.0,0.0048543689320388345,86.0,0
12732.0,1.0,236.26000000000002,111.0,0.0,0.0,0.0,180.0,0
16205.0,4.0,761.38,517.0,0.0,0.0,0.0,31.0,0
15036.0,3.0,465.55,327.0,0.0,0.0,0.0,72.0,0
13589.0,2.0,379.65,114.0,0.0,0.0,0.0,15.0,0
17579.0,3.0,440.20000000000005,258.0,8.7,2.0,0.007692307692307693,5.0,0
15069.0,1.0,1109.53,520.0,0.0,0.0,0.0,179.0,0
17349.0,1.0,110.75,112.0,0.0,0.0,0.0,179.0,0
13080.0,1.0,58.08,120.0,0.0,0.0,0.0,179.0,0
13663.0,1.0,189.47,91.0,0.0,0.0,0.0,179.0,0
14503.0,6.0,3543.26,2004.0,0.0,0.0,0.0,3.0,0
16774.0,4.0,654.92,322.0,6.6,4.0,0.012269938650306749,68.0,0
13384.0,7.0,4122.280000000001,2422.0,29.65,7.0,0.002881844380403458,31.0,0
17101.0,4.0,1621.73,815.0,0.0,0.0,0.0,10.0,0
14997.0,3.0,540.9799999999999,1120.0,5.22,18.0,0.015817223198594025,46.0,0
17155.0,2.0,251.70000000000002,242.0,0.0,0.0,0.0,18.0,0
12809.0,1.0,484.36,220.0,4.95,1.0,0.004524886877828055,178.0,0
16461.0,1.0,151.42,49.0,0.0,0.0,0.0,178.0,0
13343.0,1.0,303.93,135.0,49.5,9.0,0.0625,178.0,0
12624.0,2.0,641.13,355.0,0.0,0.0,0.0,106.0,0
18165.0,1.0,302.46000000000004,254.0,0.0,0.0,0.0,177.0,0
17536.0,1.0,76.5,6.0,0.0,0.0,0.0,177.0,0
16324.0,3.0,428.68,282.0,0.0,0.0,0.0,128.0,0
17651.0,10.0,3886.67,3112.0,58.330000000000005,12.0,0.0038412291933418692,12.0,0
14222.0,1.0,683.17,607.0,0.0,0.0,0.0,177.0,0
15585.0,1.0,455.3,320.0,0.0,0.0,0.0,177.0,0
17490.0,7.0,1926.88,1134.0,165.44,113.0,0.09061748195669607,1.0,-1
16739.0,1.0,312.55,172.0,10.45,3.0,0.017142857142857144,177.0,0
16276.0,1.0,810.6000000000001,420.0,0.0,0.0,0.0,177.0,0
17193.0,7.0,1674.4600000000003,1254.0,24.84,16.0,0.012598425196850394,36.0,0
16257.0,1.0,46.95,2.0,0.0,0.0,0.0,177.0,0
14285.0,4.0,1910.01,541.0,0.0,0.0,0.0,21.0,0
17642.0,2.0,712.29,474.0,0.0,0.0,0.0,120.0,0
12816.0,2.0,572.2,128.0,0.0,0.0,0.0,96.0,0
13826.0,1.0,174.65,82.0,14.85,2.0,0.023809523809523808,176.0,0
13575.0,5.0,732.0699999999999,449.0,0.0,0.0,0.0,23.0,0
17157.0,2.0,306.55,172.0,12.450000000000001,3.0,0.017142857142857144,8.0,0
16852.0,2.0,144.91000000000003,56.0,0.0,0.0,0.0,10.0,0
15219.0,1.0,305.75,45.0,0.0,0.0,0.0,176.0,0
15014.0,2.0,260.17,151.0,0.0,0.0,0.0,43.0,0
14765.0,3.0,254.11,135.0,0.0,0.0,0.0,29.0,0
16869.0,4.0,805.62,585.0,19.8,4.0,0.006791171477079796,23.0,0
15909.0,1.0,191.94,98.0,0.0,0.0,0.0,174.0,0
13618.0,1.0,177.34,246.0,0.0,0.0,0.0,174.0,0
16050.0,1.0,137.9,278.0,0.0,0.0,0.0,174.0,0
17879.0,1.0,178.51999999999998,45.0,0.0,0.0,0.0,174.0,0
17562.0,7.0,1107.38,817.0,15.0,4.0,0.0048721071863581,14.0,0
15334.0,3.0,351.67,274.0,0.0,0.0,0.0,157.0,0
12450.0,2.0,197.88,128.0,0.0,0.0,0.0,156.0,0
13568.0,1.0,192.85,70.0,0.0,0.0,0.0,173.0,0
14820.0,4.0,507.29,253.0,0.0,0.0,0.0,21.0,0
16744.0,7.0,1304.76,805.0,0.0,0.0,0.0,11.0,0
15700.0,2.0,664.03,357.0,32.65,29.0,0.07512953367875648,172.0,0
17299.0,4.0,669.11,678.0,0.0,0.0,0.0,12.0,0
12837.0,1.0,134.1,24.0,0.0,0.0,0.0,173.0,0
15076.0,1.0,880.85,571.0,0.0,0.0,0.0,173.0,0
17444.0,3.0,2940.04,2119.0,0.0,0.0,0.0,148.0,0
15921.0,1.0,336.03000000000003,166.0,0.0,0.0,0.0,173.0,0
15747.0,3.0,974.04,480.0,0.0,0.0,0.0,13.0,0
15840.0,2.0,345.66,396.0,9.9,2.0,0.005025125628140704,59.0,0
15016.0,1.0,170.04,76.0,0.0,0.0,0.0,173.0,0
14808.0,8.0,2175.37,2147.0,565.8,93.0,0.04151785714285714,40.0,0
12904.0,2.0,509.58,302.0,0.0,0.0,0.0,18.0,0
15825.0,1.0,532.94,220.0,0.0,0.0,0.0,172.0,0
12432.0,5.0,5059.32,1801.0,0.0,0.0,0.0,43.0,0
15389.0,1.0,500.0,400.0,0.0,0.0,0.0,172.0,0
15280.0,1.0,113.12,154.0,0.0,0.0,0.0,172.0,0
17159.0,3.0,1534.73,1111.0,4.15,1.0,0.0008992805755395684,22.0,0
12830.0,6.0,6748.400000000001,9848.0,66.24,1.0,0.0001015331505736623,38.0,0
15507.0,1.0,492.36,162.0,0.0,0.0,0.0,172.0,0
18252.0,2.0,526.67,239.0,0.0,0.0,0.0,51.0,0
16526.0,1.0,290.36,106.0,0.0,0.0,0.0,172.0,0
17695.0,2.0,765.34,779.0,0.0,0.0,0.0,132.0,0
12930.0,2.0,409.90000000000003,252.0,5.9,2.0,0.007874015748031496,78.0,0
14960.0,2.0,221.27,221.0,0.0,0.0,0.0,8.0,0
12444.0,5.0,5005.46,1155.0,0.0,0.0,0.0,21.0,0
17960.0,1.0,73.78,41.0,0.0,0.0,0.0,171.0,0
15412.0,1.0,190.53,108.0,0.0,0.0,0.0,171.0,0
13763.0,1.0,1689.46,728.0,25.5,3.0,0.004103967168262654,63.0,0
12798.0,3.0,6977.04,5256.0,0.0,0.0,0.0,10.0,0
13849.0,2.0,1537.95,1016.0,0.0,0.0,0.0,52.0,0
16114.0,1.0,135.75000000000003,43.0,0.0,0.0,0.0,171.0,0
13420.0,2.0,140.35,101.0,19.5,13.0,0.11403508771929824,150.0,-1
13780.0,2.0,360.01,318.0,0.0,0.0,0.0,7.0,0
17877.0,1.0,237.61,98.0,0.0,0.0,0.0,170.0,0
16247.0,1.0,114.56,182.0,0.0,0.0,0.0,170.0,0
15041.0,1.0,180.35,104.0,0.0,0.0,0.0,170.0,0
12379.0,2.0,850.29,407.0,1.95,1.0,0.0024509803921568627,82.0,0
16287.0,1.0,142.5,298.0,0.0,0.0,0.0,170.0,0
12919.0,6.0,1301.44,673.0,33.75,5.0,0.007374631268436578,8.0,0
15130.0,1.0,330.11,197.0,0.0,0.0,0.0,170.0,0
12704.0,8.0,2220.84,1006.0,120.0,3.0,0.002973240832507433,7.0,0
17370.0,4.0,446.18,540.0,0.0,0.0,0.0,73.0,0
17709.0,1.0,137.45,17.0,0.0,0.0,0.0,170.0,0
15253.0,5.0,915.3,866.0,2.9,2.0,0.002304147465437788,16.0,0
13300.0,1.0,365.28999999999996,203.0,6.6,2.0,0.00975609756097561,169.0,0
17759.0,3.0,834.99,708.0,0.0,0.0,0.0,17.0,0
12465.0,2.0,733.89,479.0,8.3,4.0,0.008281573498964804,17.0,0
12412.0,3.0,1226.88,829.0,0.0,0.0,0.0,75.0,0
12697.0,3.0,939.02,508.0,18.57,9.0,0.017408123791102514,29.0,0
13937.0,1.0,158.85,123.0,0.0,0.0,0.0,169.0,0
12615.0,4.0,2291.19,1376.0,0.0,0.0,0.0,2.0,0
15850.0,2.0,238.85,302.0,0.0,0.0,0.0,19.0,0
15186.0,2.0,411.41,215.0,0.0,0.0,0.0,14.0,0
13791.0,2.0,1047.68,1200.0,468.32,372.0,0.2366412213740458,128.0,-1
14795.0,1.0,131.45000000000002,17.0,0.0,0.0,0.0,166.0,0
17768.0,3.0,2273.1800000000003,1186.0,0.0,0.0,0.0,8.0,0
18112.0,2.0,352.69,255.0,0.0,0.0,0.0,12.0,0
12548.0,1.0,95.19999999999999,49.0,0.0,0.0,0.0,166.0,0
17386.0,6.0,2686.42,1902.0,0.0,0.0,0.0,8.0,0
14104.0,2.0,216.20999999999998,72.0,0.0,0.0,0.0,155.0,0
17110.0,1.0,163.29999999999998,50.0,0.0,0.0,0.0,165.0,0
13895.0,4.0,2588.1200000000003,1365.0,4.95,1.0,0.0007320644216691069,28.0,0
16545.0,1.0,339.3,78.0,0.0,0.0,0.0,165.0,0
16671.0,3.0,1692.27,875.0,0.0,0.0,0.0,28.0,0
14351.0,1.0,51.0,12.0,0.0,0.0,0.0,165.0,0
17391.0,2.0,508.8,480.0,0.0,0.0,0.0,164.0,0
16824.0,2.0,460.64,236.0,0.0,0.0,0.0,16.0,0
17750.0,9.0,1797.57,3957.0,0.0,0.0,0.0,5.0,0
16200.0,2.0,1080.6200000000001,523.0,0.0,0.0,0.0,4.0,0
17997.0,8.0,1511.2999999999997,2298.0,459.37,220.0,0.08737092930897537,74.0,-1
14383.0,3.0,1247.69,817.0,0.0,0.0,0.0,38.0,0
13461.0,3.0,1445.0,1170.0,0.0,0.0,0.0,39.0,0
17408.0,1.0,32.65,3.0,0.0,0.0,0.0,163.0,0
15537.0,1.0,110.92,29.0,0.0,0.0,0.0,163.0,0
14327.0,1.0,311.65,139.0,0.0,0.0,0.0,163.0,0
17837.0,8.0,1560.5300000000002,518.0,32.85,3.0,0.005758157389635317,42.0,0
12424.0,2.0,1760.96,740.0,0.0,0.0,0.0,163.0,0
15578.0,1.0,127.1,52.0,0.0,0.0,0.0,162.0,0
15584.0,4.0,722.61,314.0,2.5,2.0,0.006329113924050633,24.0,0
13745.0,1.0,291.54,496.0,8.5,10.0,0.019762845849802372,162.0,0
16498.0,2.0,86.12,45.0,14.850000000000001,3.0,0.0625,161.0,-1
17891.0,1.0,203.85999999999999,393.0,0.0,0.0,0.0,162.0,0
17123.0,1.0,345.29999999999995,246.0,0.0,0.0,0.0,162.0,0
16866.0,3.0,207.73999999999998,60.0,0.0,0.0,0.0,141.0,0
13730.0,2.0,752.6,488.0,0.0,0.0,0.0,136.0,0
16589.0,3.0,459.24,368.0,0.0,0.0,0.0,71.0,0
12922.0,1.0,405.38,370.0,0.0,0.0,0.0,161.0,0
16009.0,4.0,992.71,378.0,0.0,0.0,0.0,22.0,0
14053.0,2.0,260.25,215.0,0.0,0.0,0.0,124.0,0
17939.0,1.0,99.14,40.0,0.0,0.0,0.0,160.0,0
17312.0,3.0,644.3,372.0,0.0,0.0,0.0,139.0,0
13833.0,1.0,384.8,118.0,0.0,0.0,0.0,159.0,0
17899.0,1.0,155.8,171.0,0.0,0.0,0.0,159.0,0
15007.0,1.0,156.91,69.0,0.0,0.0,0.0,159.0,0
17464.0,1.0,289.96000000000004,220.0,0.0,0.0,0.0,158.0,0
18265.0,2.0,801.51,311.0,0.0,0.0,0.0,72.0,0
16344.0,1.0,101.10000000000001,18.0,0.0,0.0,0.0,158.0,0
13338.0,1.0,431.82,256.0,55.2,9.0,0.033962264150943396,158.0,0
17024.0,3.0,95.85,69.0,0.0,0.0,0.0,45.0,0
14034.0,3.0,512.02,423.0,139.8,108.0,0.2033898305084746,22.0,-1
18203.0,1.0,160.42000000000002,43.0,0.0,0.0,0.0,157.0,0
16616.0,2.0,500.42,370.0,0.0,0.0,0.0,15.0,0
16338.0,1.0,214.79999999999998,94.0,0.0,0.0,0.0,157.0,0
17046.0,1.0,642.02,510.0,0.0,0.0,0.0,157.0,0
13109.0,2.0,766.8399999999999,520.0,19.700000000000003,6.0,0.011406844106463879,60.0,0
16829.0,1.0,197.22,99.0,0.0,0.0,0.0,157.0,0
13217.0,3.0,133.62,262.0,400.36,148.0,0.36097560975609755,122.0,-1
14002.0,2.0,529.73,877.0,0.0,0.0,0.0,134.0,0
12977.0,1.0,39.239999999999995,12.0,0.0,0.0,0.0,156.0,0
13291.0,1.0,361.11,233.0,0.0,0.0,0.0,156.0,0
13583.0,1.0,781.03,725.0,0.0,0.0,0.0,156.0,0
16929.0,7.0,1295.39,929.0,0.0,0.0,0.0,4.0,0
17892.0,3.0,244.1,109.0,0.0,0.0,0.0,56.0,0
15505.0,5.0,3497.14,2390.0,113.82000000000001,42.0,0.017269736842105265,53.0,0
14459.0,1.0,1837.92,760.0,0.0,0.0,0.0,155.0,0
18013.0,2.0,187.29,285.0,0.0,0.0,0.0,155.0,0
13681.0,4.0,827.83,360.0,0.0,0.0,0.0,18.0,0
13699.0,1.0,308.58000000000004,66.0,0.0,0.0,0.0,155.0,0
14493.0,5.0,2362.84,1285.0,20.4,6.0,0.004647560030983733,7.0,0
13486.0,3.0,1122.41,669.0,0.0,0.0,0.0,78.0,0
13302.0,1.0,63.75,5.0,0.0,0.0,0.0,155.0,0
16012.0,3.0,1415.29,799.0,0.0,0.0,0.0,35.0,0
12635.0,2.0,1689.18,1172.0,0.0,0.0,0.0,90.0,0
17031.0,2.0,380.35,235.0,0.0,0.0,0.0,12.0,0
12461.0,2.0,826.88,287.0,0.0,0.0,0.0,94.0,0
12648.0,1.0,318.05,160.0,0.0,0.0,0.0,155.0,0
18121.0,2.0,673.1,450.0,0.0,0.0,0.0,149.0,0
15901.0,3.0,363.88,384.0,0.0,0.0,0.0,17.0,0
14918.0,2.0,1610.15,675.0,0.0,0.0,0.0,116.0,0
15920.0,4.0,167.5,99.0,0.0,0.0,0.0,154.0,0
17353.0,2.0,1740.0,1200.0,0.0,0.0,0.0,129.0,0
18024.0,2.0,236.77999999999997,184.0,153.0,36.0,0.16363636363636364,153.0,2
15467.0,3.0,511.88,310.0,13.0,4.0,0.012738853503184714,9.0,0
16174.0,3.0,1009.5500000000001,651.0,0.0,0.0,0.0,126.0,0
13678.0,1.0,232.6,924.0,0.0,0.0,0.0,152.0,0
14690.0,2.0,358.61,170.0,13.090000000000002,7.0,0.03954802259887006,44.0,0
13058.0,3.0,271.40000000000003,52.0,0.0,0.0,0.0,25.0,0
14552.0,1.0,165.07,91.0,0.0,0.0,0.0,152.0,0
12556.0,2.0,603.71,358.0,0.0,0.0,0.0,50.0,0
13224.0,2.0,2150.85,1518.0,5.1,6.0,0.003937007874015748,60.0,0
16989.0,6.0,1133.25,1233.0,0.0,0.0,0.0,7.0,0
12358.0,2.0,1168.06,248.0,0.0,0.0,0.0,2.0,0
13207.0,2.0,250.26000000000002,130.0,0.0,0.0,0.0,15.0,0
18122.0,6.0,1826.21,1234.0,0.0,0.0,0.0,8.0,0
12722.0,4.0,904.33,566.0,93.3,6.0,0.01048951048951049,85.0,0
17405.0,3.0,967.22,726.0,64.19,21.0,0.028112449799196786,1.0,0
13311.0,2.0,598.57,305.0,0.0,0.0,0.0,4.0,0
15051.0,3.0,1391.61,1011.0,0.0,0.0,0.0,23.0,0
15895.0,1.0,179.17,94.0,0.0,0.0,0.0,150.0,0
15795.0,1.0,610.01,581.0,0.0,0.0,0.0,150.0,0
13669.0,2.0,218.55,237.0,0.0,0.0,0.0,51.0,0
16450.0,1.0,311.92,200.0,0.0,0.0,0.0,150.0,0
13667.0,1.0,305.02,154.0,0.0,0.0,0.0,149.0,0
14400.0,1.0,559.7,454.0,15.0,4.0,0.008733624454148471,149.0,0
12405.0,1.0,1710.39,857.0,0.0,0.0,0.0,149.0,0
14265.0,2.0,530.18,330.0,0.0,0.0,0.0,109.0,0
14847.0,1.0,309.4,120.0,0.0,0.0,0.0,149.0,0
14862.0,2.0,841.1999999999999,772.0,0.0,0.0,0.0,26.0,0
16488.0,3.0,492.2,728.0,6.6,4.0,0.00546448087431694,33.0,0
15256.0,1.0,98.45,55.0,0.0,0.0,0.0,149.0,0
14716.0,2.0,329.68,604.0,0.0,0.0,0.0,43.0,0
13933.0,2.0,608.7900000000001,205.0,0.0,0.0,0.0,109.0,0
14857.0,2.0,1165.6499999999999,464.0,7.47,9.0,0.019027484143763214,60.0,0
15306.0,3.0,1174.35,810.0,0.0,0.0,0.0,64.0,0
15839.0,3.0,1020.74,675.0,27.75,5.0,0.007352941176470588,33.0,0
13994.0,6.0,2313.14,940.0,0.0,0.0,0.0,4.0,0
17554.0,5.0,1952.45,1763.0,0.0,0.0,0.0,1.0,0
14332.0,3.0,866.31,481.0,0.0,0.0,0.0,23.0,0
17266.0,3.0,310.64,161.0,0.0,0.0,0.0,2.0,0
17948.0,1.0,358.56000000000006,144.0,0.0,0.0,0.0,147.0,0
15004.0,1.0,1246.32,630.0,0.0,0.0,0.0,147.0,0
14722.0,1.0,187.92000000000002,120.0,0.0,0.0,0.0,147.0,0
13507.0,4.0,2479.16,1597.0,0.0,0.0,0.0,3.0,0
13967.0,1.0,80.7,42.0,0.0,0.0,0.0,146.0,0
16054.0,1.0,783.9,380.0,0.0,0.0,0.0,145.0,0
12833.0,1.0,417.38,156.0,0.0,0.0,0.0,145.0,0
16474.0,7.0,1811.47,943.0,60.03,25.0,0.025826446280991736,7.0,0
17984.0,1.0,152.68,98.0,0.0,0.0,0.0,145.0,0
12589.0,2.0,646.68,306.0,0.0,0.0,0.0,29.0,0
17448.0,0.0,-4287.63,0.0,4287.63,1.0,0.0,365.0,1
16762.0,3.0,1501.38,618.0,0.0,0.0,0.0,20.0,0
15369.0,0.0,-1592.49,0.0,1592.49,1.0,0.0,365.0,1
13154.0,0.0,-611.86,0.0,611.86,1.0,0.0,365.0,1
13940.0,4.0,839.14,516.0,0.0,0.0,0.0,17.0,0
14029.0,2.0,467.66,198.0,0.0,0.0,0.0,63.0,0
14117.0,1.0,90.0,72.0,0.0,0.0,0.0,144.0,0
13167.0,4.0,791.33,785.0,0.0,0.0,0.0,19.0,0
17779.0,3.0,642.1700000000001,397.0,16.4,3.0,0.0075,21.0,0
13991.0,6.0,850.63,998.0,5.34,2.0,0.002,12.0,0
18101.0,2.0,223.65,88.0,0.0,0.0,0.0,11.0,0
17065.0,0.0,-112.35,0.0,112.35,1.0,0.0,365.0,1
13827.0,3.0,412.05,141.0,0.0,0.0,0.0,58.0,0
12560.0,3.0,2101.3900000000003,1110.0,32.620000000000005,32.0,0.028021015761821366,5.0,0
16764.0,13.0,2758.25,1259.0,41.0,12.0,0.00944138473642801,4.0,0
18180.0,6.0,1843.75,1721.0,0.0,0.0,0.0,5.0,0
12521.0,1.0,599.68,309.0,0.0,0.0,0.0,143.0,0
17866.0,1.0,325.7,174.0,3.95,1.0,0.005714285714285714,143.0,0
15802.0,1.0,-451.42,1.0,902.84,2.0,0.6666666666666666,143.0,-1
17229.0,2.0,318.76,185.0,0.0,0.0,0.0,96.0,0
14456.0,9.0,3047.63,2908.0,14.77,7.0,0.0024013722126929675,5.0,0
16464.0,3.0,1314.68,963.0,0.0,0.0,0.0,20.0,0
17962.0,1.0,102.83,128.0,0.0,0.0,0.0,142.0,0
16149.0,2.0,280.52,308.0,0.0,0.0,0.0,5.0,0
14259.0,1.0,120.0,68.0,0.0,0.0,0.0,142.0,0
18143.0,2.0,1000.16,570.0,0.0,0.0,0.0,117.0,0
17935.0,2.0,145.79,82.0,0.0,0.0,0.0,138.0,0
14517.0,2.0,330.45,91.0,0.0,0.0,0.0,33.0,0
17694.0,1.0,283.12,184.0,0.0,0.0,0.0,142.0,0
17660.0,1.0,196.0,130.0,0.0,0.0,0.0,141.0,0
16041.0,3.0,3166.4,1584.0,0.0,0.0,0.0,31.0,0
15623.0,1.0,301.03,125.0,0.0,0.0,0.0,141.0,0
15829.0,2.0,636.14,996.0,0.0,0.0,0.0,99.0,0
15232.0,2.0,612.06,686.0,0.0,0.0,0.0,113.0,0
12438.0,2.0,2906.85,1180.0,0.0,0.0,0.0,14.0,0
12627.0,7.0,4478.53,2752.0,0.0,0.0,0.0,11.0,0
13079.0,5.0,220.10000000000002,62.0,0.0,0.0,0.0,4.0,0
18262.0,1.0,149.48,182.0,0.0,0.0,0.0,140.0,0
13563.0,2.0,777.53,209.0,0.0,0.0,0.0,84.0,0
15506.0,3.0,979.26,848.0,0.0,0.0,0.0,23.0,0
16305.0,1.0,361.21999999999997,256.0,0.0,0.0,0.0,139.0,0
12864.0,1.0,147.12,216.0,0.0,0.0,0.0,138.0,0
17724.0,3.0,995.65,300.0,37.35,11.0,0.03536977491961415,71.0,0
17703.0,3.0,798.74,590.0,0.0,0.0,0.0,35.0,0
13116.0,1.0,485.19,291.0,15.95,1.0,0.003424657534246575,138.0,0
14019.0,3.0,1398.9599999999998,1037.0,22.65,3.0,0.0028846153846153848,47.0,0
17649.0,1.0,861.74,399.0,6.75,1.0,0.0025,138.0,0
16178.0,1.0,197.9,94.0,0.0,0.0,0.0,138.0,0
17040.0,1.0,449.73,181.0,0.0,0.0,0.0,138.0,0
14100.0,1.0,194.9,64.0,0.0,0.0,0.0,138.0,0
16557.0,2.0,281.85,111.0,0.0,0.0,0.0,24.0,0
13296.0,1.0,87.4,78.0,0.0,0.0,0.0,137.0,0
13814.0,2.0,1562.12,864.0,17.0,2.0,0.0023094688221709007,92.0,0
16364.0,2.0,707.04,280.0,0.0,0.0,0.0,12.0,0
17693.0,1.0,187.02,231.0,13.45,2.0,0.008583690987124463,137.0,0
15372.0,1.0,2007.3999999999999,2924.0,0.0,0.0,0.0,137.0,0
15618.0,4.0,747.031,454.0,29.82,26.0,0.05416666666666667,33.0,0
13930.0,2.0,337.34,274.0,0.0,0.0,0.0,58.0,0
13379.0,3.0,572.56,601.0,0.0,0.0,0.0,26.0,0
13194.0,1.0,60.7,26.0,0.0,0.0,0.0,136.0,0
16447.0,1.0,259.01,223.0,0.0,0.0,0.0,136.0,0
14305.0,3.0,1803.76,1089.0,55.2,20.0,0.018034265103697024,71.0,0
12397.0,2.0,2409.9,1263.0,0.0,0.0,0.0,36.0,0
14331.0,2.0,462.65999999999997,252.0,0.0,0.0,0.0,124.0,0
15261.0,1.0,254.82,270.0,0.0,0.0,0.0,135.0,0
15105.0,7.0,2298.93,1211.0,0.0,0.0,0.0,18.0,0
13813.0,4.0,1353.41,552.0,13.45,2.0,0.0036101083032490976,40.0,0
18268.0,1.0,0.0,2.0,25.5,2.0,0.5,134.0,3
14855.0,2.0,645.65,267.0,0.0,0.0,0.0,119.0,0
13925.0,4.0,616.65,331.0,61.599999999999994,4.0,0.011940298507462687,93.0,0
18237.0,5.0,987.1,622.0,0.0,0.0,0.0,3.0,0
12453.0,1.0,707.09,473.0,0.0,0.0,0.0,134.0,0
15639.0,1.0,425.32,323.0,0.0,0.0,0.0,134.0,0
15118.0,1.0,244.8,1440.0,0.0,0.0,0.0,134.0,0
15746.0,1.0,182.96,178.0,13.919999999999998,48.0,0.21238938053097345,134.0,-1
12743.0,2.0,546.43,319.0,0.0,0.0,0.0,134.0,0
15942.0,1.0,337.44,232.0,0.0,0.0,0.0,134.0,0
14143.0,1.0,115.8,30.0,0.0,0.0,0.0,134.0,0
15120.0,1.0,343.82,296.0,15.0,4.0,0.013333333333333334,134.0,0
16147.0,1.0,375.0,246.0,0.0,0.0,0.0,134.0,0
13277.0,4.0,258.4,176.0,0.0,0.0,0.0,16.0,0
18127.0,3.0,348.73,188.0,0.0,0.0,0.0,19.0,0
15149.0,1.0,520.8000000000001,128.0,0.0,0.0,0.0,134.0,0
18081.0,3.0,343.45,195.0,0.0,0.0,0.0,36.0,0
14511.0,5.0,1267.4099999999999,784.0,47.400000000000006,12.0,0.01507537688442211,11.0,0
12716.0,2.0,1053.49,708.0,0.0,0.0,0.0,4.0,0
15776.0,1.0,241.62,138.0,0.0,0.0,0.0,133.0,0
12981.0,2.0,372.21999999999997,242.0,0.0,0.0,0.0,30.0,0
13106.0,1.0,59.5,18.0,17.0,4.0,0.18181818181818182,133.0,-1
13928.0,4.0,464.57,129.0,0.0,0.0,0.0,11.0,0
14885.0,1.0,765.3199999999999,724.0,0.0,0.0,0.0,132.0,0
13388.0,2.0,627.15,282.0,49.95,1.0,0.0035335689045936395,131.0,0
15438.0,1.0,156.57999999999998,59.0,0.0,0.0,0.0,131.0,0
17173.0,8.0,3755.65,1122.0,10.95,1.0,0.0008904719501335708,5.0,0
17941.0,1.0,304.56,252.0,0.0,0.0,0.0,131.0,0
14947.0,2.0,290.82,179.0,0.0,0.0,0.0,72.0,0
17053.0,1.0,496.38,122.0,2.1,1.0,0.008130081300813009,131.0,0
12534.0,1.0,1089.18,651.0,0.0,0.0,0.0,131.0,0
12844.0,2.0,325.96000000000004,125.0,0.0,0.0,0.0,29.0,0
14567.0,2.0,1524.46,412.0,5.9,2.0,0.004830917874396135,57.0,0
14937.0,3.0,1617.63,484.0,4.25,1.0,0.002061855670103093,57.0,0
12828.0,6.0,1018.71,494.0,0.0,0.0,0.0,3.0,0
16984.0,2.0,4392.42,2423.0,88.93,15.0,0.0061525840853158325,88.0,0
13023.0,2.0,689.9,286.0,0.0,0.0,0.0,64.0,0
17553.0,1.0,1487.6,1048.0,0.0,0.0,0.0,130.0,0
13075.0,1.0,919.61,485.0,0.0,0.0,0.0,130.0,0
15342.0,1.0,391.76,283.0,14.33,7.0,0.02413793103448276,130.0,0
12644.0,1.0,477.91,325.0,0.0,0.0,0.0,130.0,0
12378.0,1.0,4008.62,2529.0,0.0,0.0,0.0,130.0,0
17788.0,2.0,1117.9,211.0,0.0,0.0,0.0,74.0,0
13850.0,1.0,1586.81,944.0,8.67,3.0,0.0031678986272439284,129.0,0
14076.0,1.0,122.47,81.0,0.0,0.0,0.0,129.0,0
13805.0,2.0,924.6,1900.0,0.0,0.0,0.0,52.0,0
17887.0,1.0,111.35,30.0,0.0,0.0,0.0,129.0,0
13186.0,3.0,1539.69,820.0,36.2,16.0,0.019138755980861243,40.0,0
12750.0,1.0,275.88,137.0,0.0,0.0,0.0,129.0,0
15374.0,1.0,168.0,126.0,0.0,0.0,0.0,129.0,0
17656.0,5.0,1674.69,1399.0,0.0,0.0,0.0,73.0,0
16102.0,3.0,1842.14,942.0,0.0,0.0,0.0,42.0,0
15089.0,6.0,2420.84,1359.0,0.0,0.0,0.0,10.0,0
14972.0,1.0,114.77,28.0,0.0,0.0,0.0,128.0,0
17514.0,1.0,208.65,135.0,0.0,0.0,0.0,128.0,0
12917.0,1.0,594.0,120.0,0.0,0.0,0.0,128.0,0
12689.0,2.0,1247.61,628.0,0.0,0.0,0.0,26.0,0
14768.0,2.0,139.50000000000003,52.0,53.1,18.0,0.2571428571428571,17.0,-1
17584.0,2.0,1227.3,458.0,15.0,12.0,0.02553191489361702,7.0,0
15254.0,1.0,300.36,275.0,0.0,0.0,0.0,127.0,0
18099.0,1.0,168.31,149.0,0.0,0.0,0.0,127.0,0
15205.0,2.0,648.83,378.0,4.41,1.0,0.002638522427440633,85.0,0
13218.0,1.0,62.63999999999999,88.0,0.0,0.0,0.0,127.0,0
17267.0,2.0,317.62,159.0,0.0,0.0,0.0,127.0,0
16302.0,1.0,212.82,158.0,20.4,24.0,0.13186813186813187,127.0,0
13513.0,1.0,205.1,109.0,0.0,0.0,0.0,127.0,0
14720.0,3.0,663.81,219.0,0.0,0.0,0.0,6.0,0
18282.0,2.0,176.60000000000002,103.0,1.45,5.0,0.046296296296296294,8.0,-1
12610.0,5.0,2057.99,1049.0,41.55,21.0,0.019626168224299065,23.0,0
13200.0,4.0,870.09,516.0,0.0,0.0,0.0,19.0,0
14079.0,1.0,375.1,301.0,0.0,0.0,0.0,125.0,0
17298.0,2.0,498.42,387.0,0.0,0.0,0.0,101.0,0
14024.0,2.0,327.7,150.0,0.0,0.0,0.0,122.0,0
16066.0,5.0,1521.87,936.0,0.0,0.0,0.0,17.0,0
15198.0,2.0,193.64,120.0,0.0,0.0,0.0,92.0,0
12885.0,3.0,1158.27,655.0,16.95,1.0,0.001524390243902439,63.0,0
17331.0,1.0,175.2,16.0,0.0,0.0,0.0,124.0,0
13016.0,3.0,789.89,527.0,0.0,0.0,0.0,73.0,0
13500.0,3.0,1136.77,609.0,30.0,24.0,0.037914691943127965,23.0,0
15247.0,1.0,356.0,160.0,0.0,0.0,0.0,122.0,0
13355.0,1.0,674.7,314.0,0.0,0.0,0.0,122.0,0
16053.0,2.0,1511.95,1793.0,0.0,0.0,0.0,33.0,0
13919.0,2.0,350.16,474.0,34.65,37.0,0.07240704500978473,59.0,0
12384.0,2.0,566.16,126.0,19.11,5.0,0.03816793893129771,29.0,0
16292.0,1.0,280.9,191.0,21.349999999999998,3.0,0.015463917525773196,122.0,0
12571.0,2.0,519.61,523.0,0.0,0.0,0.0,40.0,0
14116.0,5.0,1382.74,707.0,0.0,0.0,0.0,20.0,0
14495.0,2.0,123.8,62.0,0.0,0.0,0.0,51.0,0
15494.0,2.0,1299.23,1148.0,0.0,0.0,0.0,21.0,0
15608.0,4.0,1093.68,714.0,0.0,0.0,0.0,28.0,0
17248.0,1.0,318.65,213.0,0.0,0.0,0.0,120.0,0
17653.0,4.0,1175.8799999999999,1409.0,31.68,8.0,0.0056457304163726185,37.0,0
13645.0,1.0,252.1,158.0,0.0,0.0,0.0,120.0,0
15469.0,2.0,504.49999999999994,153.0,34.05,3.0,0.019230769230769232,50.0,0
13307.0,1.0,15.0,4.0,0.0,0.0,0.0,120.0,0
12381.0,5.0,1803.96,808.0,41.35,25.0,0.030012004801920768,5.0,0
17122.0,1.0,138.32,80.0,0.0,0.0,0.0,119.0,0
14406.0,1.0,156.75,77.0,0.0,0.0,0.0,119.0,0
15683.0,1.0,193.75,131.0,0.0,0.0,0.0,117.0,0
14301.0,1.0,632.04,606.0,8.1,6.0,0.00980392156862745,117.0,0
14658.0,2.0,247.15,47.0,0.0,0.0,0.0,5.0,0
13621.0,1.0,213.85,343.0,0.0,0.0,0.0,117.0,0
16272.0,1.0,411.7,224.0,0.0,0.0,0.0,117.0,0
17958.0,1.0,508.4599999999999,84.0,0.0,0.0,0.0,117.0,0
16836.0,2.0,251.87,165.0,0.0,0.0,0.0,40.0,0
16961.0,1.0,234.17,125.0,0.0,0.0,0.0,116.0,0
16902.0,1.0,1706.88,629.0,0.0,0.0,0.0,116.0,0
15706.0,4.0,1001.81,321.0,58.75,16.0,0.04747774480712166,64.0,0
15480.0,1.0,905.5,303.0,0.0,0.0,0.0,116.0,0
15315.0,2.0,551.54,862.0,18.96,24.0,0.02708803611738149,64.0,0
15653.0,2.0,877.4399999999999,1200.0,0.0,0.0,0.0,93.0,0
13159.0,4.0,1379.75,1059.0,58.10000000000001,14.0,0.0130475302889096,9.0,0
13189.0,2.0,260.68,842.0,0.0,0.0,0.0,19.0,0
17637.0,2.0,547.0600000000001,280.0,0.0,0.0,0.0,31.0,0
12641.0,1.0,185.9,72.0,0.0,0.0,0.0,115.0,0
13470.0,2.0,165.0,100.0,0.0,0.0,0.0,99.0,0
15786.0,3.0,4834.2,3364.0,98.0,33.0,0.00971445392993818,46.0,0
15541.0,1.0,85.13000000000001,49.0,0.0,0.0,0.0,114.0,0
16734.0,3.0,650.51,346.0,0.0,0.0,0.0,52.0,0
16706.0,3.0,531.35,249.0,0.0,0.0,0.0,37.0,0
17070.0,1.0,312.14,133.0,0.0,0.0,0.0,114.0,0
12688.0,1.0,4873.8099999999995,3028.0,0.0,0.0,0.0,114.0,0
12729.0,1.0,453.01,233.0,0.0,0.0,0.0,114.0,0
12962.0,2.0,266.39,129.0,0.0,0.0,0.0,7.0,0
13273.0,1.0,138.98,153.0,0.0,0.0,0.0,113.0,0
17736.0,3.0,337.49,238.0,39.95,1.0,0.0041841004184100415,9.0,0
15472.0,1.0,371.56,251.0,0.0,0.0,0.0,113.0,0
12680.0,4.0,862.81,443.0,0.0,0.0,0.0,1.0,0
16582.0,1.0,313.62,164.0,0.0,0.0,0.0,113.0,0
17747.0,1.0,64.65,12.0,6.75,1.0,0.07692307692307693,113.0,0
12513.0,1.0,586.79,462.0,25.5,6.0,0.01282051282051282,113.0,0
15396.0,1.0,288.18,122.0,0.0,0.0,0.0,113.0,0
12418.0,1.0,668.58,407.0,0.0,0.0,0.0,113.0,0
16828.0,2.0,128.5,59.0,0.0,0.0,0.0,93.0,0
14712.0,3.0,917.07,315.0,0.0,0.0,0.0,29.0,0
12991.0,2.0,503.76,405.0,0.0,0.0,0.0,23.0,0
14772.0,1.0,139.26,82.0,0.0,0.0,0.0,112.0,0
12364.0,4.0,1313.1,1506.0,0.0,0.0,0.0,8.0,0
12968.0,1.0,135.95,73.0,0.0,0.0,0.0,112.0,0
16330.0,3.0,242.21,147.0,9.7,2.0,0.013422818791946308,18.0,0
14566.0,1.0,1432.0,800.0,0.0,0.0,0.0,111.0,0
15701.0,4.0,1542.14,923.0,0.0,0.0,0.0,2.0,0
12518.0,5.0,2056.89,1318.0,0.0,0.0,0.0,1.0,0
14529.0,3.0,620.04,348.0,0.0,0.0,0.0,60.0,0
16536.0,1.0,539.02,251.0,9.95,1.0,0.003968253968253968,110.0,0
15313.0,1.0,52.0,25.0,0.0,0.0,0.0,110.0,0
15801.0,3.0,1042.19,570.0,21.759999999999998,8.0,0.01384083044982699,46.0,0
16201.0,4.0,1821.52,1286.0,41.95,19.0,0.014559386973180077,3.0,0
16555.0,2.0,285.89,175.0,0.0,0.0,0.0,35.0,0
16952.0,2.0,167.61,92.0,0.0,0.0,0.0,109.0,0
14387.0,3.0,1770.56,819.0,0.0,0.0,0.0,33.0,0
17073.0,4.0,1446.09,759.0,0.0,0.0,0.0,18.0,0
18147.0,2.0,179.33999999999997,203.0,0.0,0.0,0.0,46.0,0
14523.0,1.0,241.09,251.0,0.0,0.0,0.0,108.0,0
14418.0,3.0,1937.25,1711.0,0.0,0.0,0.0,4.0,0
12642.0,3.0,1013.26,552.0,0.0,0.0,0.0,25.0,0
16968.0,2.0,439.43,326.0,0.0,0.0,0.0,4.0,0
16723.0,2.0,589.15,399.0,0.0,0.0,0.0,91.0,0
13411.0,1.0,213.55,72.0,0.0,0.0,0.0,107.0,0
16340.0,1.0,549.07,501.0,0.0,0.0,0.0,107.0,0
13236.0,2.0,727.27,416.0,17.58,5.0,0.011876484560570071,25.0,0
14196.0,1.0,335.52,142.0,0.0,0.0,0.0,107.0,0
15263.0,1.0,156.51,89.0,0.0,0.0,0.0,107.0,0
14314.0,1.0,120.0,296.0,0.0,0.0,0.0,107.0,0
16093.0,1.0,17.0,20.0,0.0,0.0,0.0,107.0,0
17844.0,1.0,51.559999999999995,52.0,0.0,0.0,0.0,107.0,0
14687.0,1.0,628.38,470.0,0.0,0.0,0.0,107.0,0
14050.0,2.0,746.36,689.0,0.0,0.0,0.0,32.0,0
16429.0,1.0,284.55,9.0,0.0,0.0,0.0,106.0,0
14055.0,1.0,725.6400000000001,216.0,0.0,0.0,0.0,106.0,0
12715.0,1.0,353.86,197.0,0.0,0.0,0.0,106.0,0
15663.0,1.0,138.14,106.0,0.0,0.0,0.0,106.0,0
18200.0,1.0,163.8,111.0,0.0,0.0,0.0,106.0,0
18167.0,3.0,1355.5100000000002,382.0,29.35,23.0,0.056790123456790124,23.0,0
13644.0,4.0,2597.5200000000004,2067.0,26.74,7.0,0.0033751205400192863,16.0,0
17451.0,7.0,1648.95,1203.0,72.45,25.0,0.02035830618892508,1.0,0
16641.0,1.0,231.10000000000002,256.0,0.0,0.0,0.0,106.0,0
13812.0,3.0,539.0,333.0,0.0,0.0,0.0,42.0,0
14141.0,4.0,879.03,355.0,36.1,18.0,0.04825737265415549,3.0,0
15074.0,1.0,748.87,455.0,0.0,0.0,0.0,105.0,0
12492.0,2.0,263.21000000000004,192.0,0.0,0.0,0.0,63.0,0
17183.0,6.0,3286.91,1296.0,60.4,32.0,0.024096385542168676,8.0,0
15325.0,1.0,162.29,232.0,0.0,0.0,0.0,104.0,0
13778.0,1.0,178.7,70.0,0.0,0.0,0.0,103.0,0
14869.0,2.0,721.95,550.0,3.75,1.0,0.0018148820326678765,9.0,0
14096.0,17.0,57120.91,16352.0,8043.88,17.0,0.001038548475777384,4.0,0
14108.0,2.0,594.16,381.0,3.75,1.0,0.002617801047120419,31.0,0
12814.0,1.0,125.92,49.0,0.0,0.0,0.0,102.0,0
15866.0,1.0,230.53,126.0,0.0,0.0,0.0,101.0,0
14660.0,2.0,285.74,228.0,0.0,0.0,0.0,87.0,0
13726.0,2.0,1079.6599999999999,1054.0,0.0,0.0,0.0,39.0,0
15690.0,2.0,239.76,408.0,0.0,0.0,0.0,4.0,0
17777.0,3.0,665.86,507.0,0.0,0.0,0.0,25.0,0
16278.0,1.0,537.83,114.0,28.55,5.0,0.04201680672268908,100.0,0
13276.0,2.0,590.9300000000001,161.0,0.0,0.0,0.0,64.0,0
12436.0,1.0,509.01,211.0,0.0,0.0,0.0,100.0,0
13147.0,4.0,712.8000000000001,144.0,0.0,0.0,0.0,10.0,0
13045.0,1.0,305.28000000000003,221.0,0.0,0.0,0.0,99.0,0
13099.0,1.0,207.35999999999999,288.0,0.0,0.0,0.0,99.0,0
12739.0,2.0,1013.04,486.0,0.0,0.0,0.0,78.0,0
14420.0,1.0,385.87,334.0,1.65,1.0,0.0029850746268656717,99.0,0
14436.0,1.0,89.06,129.0,0.0,0.0,0.0,99.0,0
18027.0,1.0,115.31,78.0,0.0,0.0,0.0,99.0,0
12794.0,2.0,860.41,592.0,0.0,0.0,0.0,53.0,0
12832.0,2.0,383.03,195.0,0.0,0.0,0.0,32.0,0
16674.0,2.0,319.61,188.0,0.0,0.0,0.0,55.0,0
12375.0,2.0,455.42,178.0,2.08,1.0,0.00558659217877095,11.0,0
16173.0,6.0,1406.57,575.0,11.75,4.0,0.0069084628670120895,16.0,0
14171.0,1.0,363.79,167.0,0.0,0.0,0.0,98.0,0
13434.0,2.0,534.24,300.0,0.0,0.0,0.0,74.0,0
16761.0,1.0,316.62,341.0,0.0,0.0,0.0,97.0,0
14067.0,2.0,374.7,361.0,0.0,0.0,0.0,64.0,0
13808.0,5.0,1747.66,782.0,0.0,0.0,0.0,6.0,0
12851.0,1.0,135.18,109.0,0.0,0.0,0.0,97.0,0
14335.0,2.0,468.26,379.0,0.0,0.0,0.0,16.0,0
14965.0,2.0,599.0,365.0,0.0,0.0,0.0,96.0,0
15136.0,4.0,1282.45,776.0,4.25,1.0,0.001287001287001287,3.0,0
16629.0,2.0,417.73,493.0,0.0,0.0,0.0,74.0,0
18261.0,2.0,324.24,146.0,0.0,0.0,0.0,43.0,0
15307.0,1.0,205.3,37.0,0.0,0.0,0.0,96.0,0
16820.0,1.0,497.61,307.0,0.0,0.0,0.0,96.0,0
17309.0,1.0,82.75,41.0,0.0,0.0,0.0,95.0,0
13949.0,6.0,2427.32,2474.0,0.0,0.0,0.0,3.0,0
14360.0,4.0,2128.23,1151.0,0.0,0.0,0.0,32.0,0
16400.0,1.0,303.93,172.0,0.0,0.0,0.0,95.0,0
14208.0,1.0,151.74,114.0,0.0,0.0,0.0,95.0,0
12526.0,3.0,1316.66,632.0,0.0,0.0,0.0,1.0,0
13130.0,1.0,64.0,32.0,0.0,0.0,0.0,94.0,0
13210.0,1.0,353.48,316.0,0.0,0.0,0.0,94.0,0
17481.0,4.0,1249.34,1061.0,6.25,1.0,0.0009416195856873823,4.0,0
12685.0,6.0,2863.08,1523.0,0.0,0.0,0.0,28.0,0
17573.0,3.0,362.90000000000003,308.0,17.700000000000003,6.0,0.01910828025477707,29.0,0
14452.0,2.0,264.44,119.0,0.0,0.0,0.0,11.0,0
13889.0,1.0,416.90000000000003,146.0,0.0,0.0,0.0,93.0,0
15488.0,1.0,91.32000000000001,73.0,0.0,0.0,0.0,93.0,0
18222.0,1.0,443.0,335.0,0.0,0.0,0.0,93.0,0
13244.0,1.0,121.74000000000001,38.0,0.0,0.0,0.0,93.0,0
17004.0,2.0,1412.94,819.0,0.0,0.0,0.0,46.0,0
13441.0,1.0,296.64,204.0,0.0,0.0,0.0,92.0,0
13823.0,2.0,957.66,439.0,0.0,0.0,0.0,19.0,0
12879.0,3.0,552.57,370.0,20.650000000000002,7.0,0.01856763925729443,45.0,0
16603.0,2.0,482.47,480.0,0.0,0.0,0.0,75.0,0
14824.0,4.0,1127.71,525.0,0.0,0.0,0.0,10.0,0
16910.0,8.0,1510.06,886.0,0.0,0.0,0.0,4.0,0
15652.0,1.0,337.74,208.0,0.0,0.0,0.0,91.0,0
16362.0,5.0,652.0699999999999,351.0,82.7,26.0,0.06896551724137931,32.0,0
15035.0,1.0,252.73000000000002,245.0,0.0,0.0,0.0,90.0,0
14508.0,2.0,276.42,131.0,0.0,0.0,0.0,22.0,0
13272.0,2.0,276.56,96.0,0.0,0.0,0.0,31.0,0
17317.0,3.0,2524.02,1146.0,76.32000000000001,72.0,0.059113300492610835,46.0,0
14212.0,1.0,1070.48,1152.0,0.0,0.0,0.0,90.0,0
13372.0,1.0,378.64,159.0,0.0,0.0,0.0,90.0,0
18255.0,1.0,103.3,74.0,0.0,0.0,0.0,89.0,0
14250.0,3.0,1904.05,1200.0,0.0,0.0,0.0,7.0,0
16796.0,1.0,305.62,186.0,0.0,0.0,0.0,89.0,0
14432.0,6.0,2255.51,2070.0,0.0,0.0,0.0,10.0,0
15782.0,3.0,2593.94,864.0,20.8,1.0,0.0011560693641618498,10.0,0
12883.0,4.0,703.47,196.0,0.0,0.0,0.0,25.0,0
12965.0,1.0,771.91,283.0,0.0,0.0,0.0,89.0,0
15533.0,3.0,746.9200000000001,289.0,60.65,33.0,0.10248447204968944,19.0,-1
18215.0,1.0,299.34000000000003,118.0,0.0,0.0,0.0,89.0,0
18158.0,2.0,451.75,354.0,1.65,1.0,0.0028169014084507044,9.0,0
13375.0,1.0,772.9,442.0,5.75,1.0,0.002257336343115124,89.0,0
13431.0,2.0,1269.1,672.0,0.0,0.0,0.0,67.0,0
16211.0,1.0,542.77,154.0,4.25,1.0,0.0064516129032258064,89.0,0
12884.0,1.0,309.05,43.0,0.0,0.0,0.0,88.0,0
16141.0,1.0,620.4,238.0,0.0,0.0,0.0,88.0,0
17919.0,1.0,1304.04,756.0,0.0,0.0,0.0,88.0,0
16360.0,6.0,3411.69,2144.0,100.84,16.0,0.007407407407407408,5.0,0
17433.0,1.0,303.15999999999997,185.0,0.0,0.0,0.0,88.0,0
13704.0,9.0,2295.31,1531.0,12.75,3.0,0.001955671447196871,5.0,0
14020.0,2.0,642.8,441.0,0.0,0.0,0.0,17.0,0
14359.0,3.0,882.5799999999999,371.0,29.6,8.0,0.021108179419525065,19.0,0
16451.0,1.0,266.97,120.0,0.0,0.0,0.0,88.0,0
12940.0,2.0,876.29,411.0,37.25,5.0,0.01201923076923077,55.0,0
15216.0,1.0,96.6,28.0,0.0,0.0,0.0,88.0,0
15522.0,2.0,398.84,573.0,0.0,0.0,0.0,33.0,0
17037.0,1.0,1253.22,656.0,14.100000000000001,4.0,0.006060606060606061,88.0,0
12822.0,2.0,918.98,550.0,29.9,2.0,0.0036231884057971015,71.0,0
15343.0,1.0,364.5,84.0,0.0,0.0,0.0,87.0,0
14753.0,1.0,563.15,211.0,0.0,0.0,0.0,87.0,0
16959.0,1.0,117.35000000000001,49.0,0.0,0.0,0.0,87.0,0
18251.0,1.0,4314.72,7824.0,0.0,0.0,0.0,87.0,0
13032.0,2.0,996.52,375.0,13.66,8.0,0.020887728459530026,52.0,0
12895.0,2.0,347.3,210.0,25.5,6.0,0.027777777777777776,42.0,0
17640.0,1.0,621.66,250.0,0.0,0.0,0.0,87.0,0
13860.0,5.0,1240.0,591.0,5.9,2.0,0.003372681281618887,1.0,0
12756.0,1.0,112.07999999999998,144.0,0.0,0.0,0.0,87.0,0
18001.0,2.0,417.23,363.0,0.0,0.0,0.0,12.0,0
17728.0,3.0,2515.6800000000003,1469.0,360.33,5.0,0.0033921302578018998,4.0,0
15933.0,3.0,1107.46,885.0,0.0,0.0,0.0,21.0,0
14284.0,2.0,578.45,161.0,16.8,4.0,0.024242424242424242,31.0,0
17347.0,1.0,228.96,216.0,0.0,0.0,0.0,86.0,0
15103.0,2.0,703.36,329.0,0.0,0.0,0.0,31.0,0
15707.0,4.0,945.58,605.0,0.0,0.0,0.0,35.0,0
13430.0,2.0,648.69,751.0,30.76,13.0,0.017015706806282723,19.0,0
12566.0,1.0,346.7,265.0,4.95,1.0,0.0037593984962406013,86.0,0
13321.0,2.0,567.36,372.0,0.0,0.0,0.0,72.0,0
13877.0,1.0,117.24,108.0,0.0,0.0,0.0,86.0,0
15272.0,2.0,721.94,310.0,0.0,0.0,0.0,57.0,0
15322.0,1.0,602.9699999999999,416.0,76.71,51.0,0.10920770877944326,86.0,0
17333.0,1.0,494.25,375.0,0.0,0.0,0.0,86.0,0
13518.0,1.0,659.4399999999999,392.0,0.0,0.0,0.0,86.0,0
14306.0,2.0,2083.42,1075.0,9.9,2.0,0.0018570102135561746,51.0,0
17679.0,2.0,1992.1100000000001,729.0,0.0,0.0,0.0,53.0,0
16160.0,2.0,1009.45,1162.0,15.99,9.0,0.007685738684884714,65.0,0
15573.0,2.0,607.45,363.0,0.0,0.0,0.0,32.0,0
14894.0,1.0,655.75,265.0,0.0,0.0,0.0,85.0,0
17434.0,7.0,2333.42,1693.0,40.4,8.0,0.004703115814226925,2.0,0
15466.0,1.0,334.53,246.0,0.0,0.0,0.0,85.0,0
15511.0,5.0,909.23,271.0,0.0,0.0,0.0,12.0,0
17846.0,1.0,2033.1,1.0,0.0,0.0,0.0,85.0,0
16189.0,2.0,215.48,134.0,0.0,0.0,0.0,16.0,0
15417.0,1.0,508.8,284.0,0.0,0.0,0.0,85.0,0
12995.0,1.0,200.72,108.0,10.6,10.0,0.0847457627118644,85.0,0
14557.0,1.0,0.0,510.0,788.38,510.0,0.5,85.0,3
16108.0,1.0,816.1,615.0,26.4,16.0,0.025356576862123614,85.0,0
17144.0,2.0,984.57,483.0,0.0,0.0,0.0,1.0,0
16924.0,3.0,739.5,493.0,107.25,13.0,0.025691699604743084,21.0,0
15099.0,1.0,410.48,343.0,0.0,0.0,0.0,84.0,0
13323.0,5.0,787.85,175.0,0.0,0.0,0.0,3.0,0
14124.0,1.0,419.58000000000004,1618.0,0.0,0.0,0.0,84.0,0
15975.0,1.0,371.01,243.0,0.0,0.0,0.0,84.0,0
15523.0,1.0,412.01000000000005,132.0,0.0,0.0,0.0,84.0,0
16878.0,1.0,0.0,12.0,13.3,12.0,0.5,84.0,3
15947.0,1.0,1708.24,898.0,0.0,0.0,0.0,83.0,0
13247.0,4.0,501.12,328.0,0.0,0.0,0.0,18.0,0
13566.0,2.0,874.71,575.0,0.0,0.0,0.0,41.0,0
18194.0,1.0,895.9999999999999,632.0,77.84,184.0,0.22549019607843138,82.0,-1
16689.0,2.0,303.26,330.0,119.34,162.0,0.32926829268292684,76.0,-1
16438.0,5.0,798.35,463.0,0.0,0.0,0.0,6.0,0
13067.0,1.0,115.46000000000001,32.0,0.0,0.0,0.0,82.0,0
16460.0,3.0,814.72,879.0,0.0,0.0,0.0,28.0,0
13325.0,1.0,675.3,240.0,0.0,0.0,0.0,82.0,0
12640.0,3.0,1174.58,311.0,0.0,0.0,0.0,24.0,0
13774.0,1.0,345.0,192.0,0.0,0.0,0.0,82.0,0
12497.0,1.0,1043.1,1236.0,0.0,0.0,0.0,82.0,0
12752.0,1.0,4366.78,2262.0,0.0,0.0,0.0,81.0,0
15504.0,1.0,52.83,33.0,0.0,0.0,0.0,81.0,0
15500.0,4.0,1131.56,572.0,0.0,0.0,0.0,8.0,0
17557.0,3.0,541.46,306.0,0.0,0.0,0.0,14.0,0
13228.0,1.0,358.0,200.0,0.0,0.0,0.0,81.0,0
14356.0,2.0,666.94,277.0,34.29,11.0,0.03819444444444445,80.0,0
13416.0,2.0,712.5,142.0,0.0,0.0,0.0,44.0,0
17628.0,1.0,75.75,79.0,0.0,0.0,0.0,81.0,0
16527.0,1.0,228.06,106.0,0.0,0.0,0.0,81.0,0
16428.0,0.0,-2.95,0.0,2.95,1.0,0.0,365.0,1
15341.0,1.0,2020.52,812.0,0.0,0.0,0.0,81.0,0
16215.0,1.0,242.35,104.0,0.0,0.0,0.0,81.0,0
14164.0,2.0,1631.77,1033.0,0.0,0.0,0.0,71.0,0
15888.0,1.0,141.27,76.0,27.04,16.0,0.17391304347826086,81.0,-1
17564.0,3.0,454.01,146.0,0.0,0.0,0.0,24.0,0
13356.0,1.0,768.24,325.0,0.0,0.0,0.0,80.0,0
12390.0,1.0,549.84,353.0,0.0,0.0,0.0,80.0,0
18228.0,2.0,769.1999999999999,238.0,10.7,2.0,0.008333333333333333,57.0,0
17415.0,1.0,507.84,114.0,0.0,0.0,0.0,80.0,0
13350.0,2.0,910.72,287.0,68.4,3.0,0.010344827586206896,16.0,0
12550.0,1.0,964.83,569.0,0.0,0.0,0.0,79.0,0
16627.0,1.0,322.8,162.0,0.0,0.0,0.0,79.0,0
17475.0,1.0,194.37,178.0,0.0,0.0,0.0,79.0,0
14951.0,1.0,311.69,311.0,0.0,0.0,0.0,79.0,0
14780.0,2.0,447.68,310.0,0.0,0.0,0.0,55.0,0
14887.0,1.0,1862.0,1100.0,0.0,0.0,0.0,79.0,0
15399.0,3.0,815.77,611.0,0.0,0.0,0.0,1.0,0
17466.0,2.0,763.28,306.0,0.0,0.0,0.0,10.0,0
16379.0,4.0,2131.9,1410.0,25.5,2.0,0.00141643059490085,4.0,0
17172.0,1.0,313.26,480.0,4.5,1.0,0.002079002079002079,79.0,0
15239.0,2.0,764.34,594.0,16.25,3.0,0.005025125628140704,10.0,0
16213.0,1.0,159.0,48.0,0.0,0.0,0.0,79.0,0
15603.0,1.0,48.480000000000004,96.0,0.0,0.0,0.0,79.0,0
14261.0,2.0,1163.45,406.0,0.0,0.0,0.0,51.0,0
12657.0,4.0,1152.06,1044.0,491.12,390.0,0.2719665271966527,11.0,-1
15571.0,4.0,650.4300000000001,264.0,0.0,0.0,0.0,12.0,0
15484.0,4.0,3563.11,3152.0,31.2,16.0,0.005050505050505051,1.0,0
12936.0,4.0,1012.9000000000001,559.0,51.0,20.0,0.03454231433506045,17.0,0
16236.0,1.0,432.2,184.0,0.0,0.0,0.0,78.0,0
16669.0,3.0,1370.8700000000001,888.0,4.0,5.0,0.005599104143337066,24.0,0
15398.0,2.0,1339.6299999999999,769.0,5.9,2.0,0.0025940337224383916,16.0,0
12906.0,5.0,2919.81,1749.0,0.0,0.0,0.0,12.0,0
17079.0,1.0,118.80000000000001,24.0,0.0,0.0,0.0,78.0,0
14125.0,3.0,2740.43,1640.0,0.0,0.0,0.0,11.0,0
17163.0,2.0,293.1,66.0,0.0,0.0,0.0,22.0,0
12952.0,4.0,1382.84,653.0,4.95,1.0,0.0015290519877675841,6.0,0
12579.0,1.0,410.72,285.0,29.7,7.0,0.023972602739726026,78.0,0
13279.0,1.0,126.3,73.0,11.45,3.0,0.039473684210526314,78.0,0
12425.0,1.0,777.2,496.0,0.0,0.0,0.0,78.0,0
16715.0,1.0,301.71999999999997,642.0,0.0,0.0,0.0,78.0,0
13519.0,1.0,110.8,23.0,11.95,1.0,0.041666666666666664,78.0,0
12546.0,2.0,1141.5,633.0,20.0,16.0,0.02465331278890601,47.0,0
15744.0,1.0,34.8,120.0,0.0,0.0,0.0,78.0,0
13127.0,1.0,259.17,127.0,0.0,0.0,0.0,78.0,0
15714.0,2.0,330.88,187.0,0.0,0.0,0.0,12.0,0
17480.0,1.0,506.51,338.0,5.3100000000000005,2.0,0.0058823529411764705,78.0,0
15763.0,2.0,1048.67,271.0,38.25,3.0,0.010948905109489052,32.0,0
15075.0,1.0,773.03,447.0,0.0,0.0,0.0,78.0,0
16978.0,1.0,344.33,166.0,0.0,0.0,0.0,78.0,0
14014.0,1.0,505.18,1076.0,0.0,0.0,0.0,77.0,0
16240.0,2.0,3693.8100000000004,1641.0,24.990000000000002,7.0,0.00424757281553398,24.0,0
13336.0,1.0,795.12,559.0,0.0,0.0,0.0,77.0,0
14652.0,1.0,114.18,53.0,0.0,0.0,0.0,77.0,0
15807.0,3.0,903.9,430.0,0.0,0.0,0.0,50.0,0
15762.0,2.0,583.75,251.0,0.0,0.0,0.0,65.0,0
15475.0,1.0,454.10999999999996,319.0,0.0,0.0,0.0,77.0,0
15978.0,1.0,1098.78,888.0,0.0,0.0,0.0,77.0,0
16485.0,1.0,363.65,235.0,0.0,0.0,0.0,77.0,0
12488.0,3.0,1298.66,529.0,0.0,0.0,0.0,10.0,0
13083.0,2.0,303.75,187.0,0.0,0.0,0.0,4.0,0
16169.0,4.0,1822.97,1325.0,0.0,0.0,0.0,8.0,0
17506.0,1.0,294.28999999999996,139.0,7.91,3.0,0.02112676056338028,76.0,0
16480.0,1.0,769.29,455.0,0.0,0.0,0.0,76.0,0
17006.0,4.0,781.78,272.0,0.0,0.0,0.0,5.0,0
17498.0,1.0,272.22,394.0,0.0,0.0,0.0,76.0,0
17131.0,5.0,2463.17,983.0,0.0,0.0,0.0,5.0,0
13536.0,7.0,3448.29,2136.0,0.0,0.0,0.0,1.0,0
15429.0,2.0,364.90000000000003,380.0,32.45,11.0,0.028132992327365727,27.0,0
17154.0,1.0,329.34,490.0,0.0,0.0,0.0,75.0,0
16594.0,1.0,181.09,64.0,0.0,0.0,0.0,75.0,0
16049.0,3.0,1111.79,793.0,0.0,0.0,0.0,40.0,0
14757.0,1.0,420.5,160.0,0.0,0.0,0.0,75.0,0
16198.0,1.0,400.68100000000004,129.0,0.0,0.0,0.0,75.0,0
13670.0,1.0,349.7,282.0,0.0,0.0,0.0,75.0,0
18066.0,1.0,318.0,108.0,0.0,0.0,0.0,75.0,0
14806.0,1.0,193.39000000000001,330.0,0.0,0.0,0.0,75.0,0
12783.0,6.0,1603.87,624.0,622.04,2.0,0.003194888178913738,2.0,0
13429.0,4.0,1006.8,1390.0,0.0,0.0,0.0,11.0,0
15154.0,1.0,240.27,104.0,56.15,7.0,0.06306306306306306,75.0,0
13390.0,1.0,544.08,224.0,0.0,0.0,0.0,75.0,0
12925.0,2.0,694.05,541.0,0.0,0.0,0.0,5.0,0
13927.0,1.0,348.99,214.0,0.0,0.0,0.0,75.0,0
18205.0,2.0,517.36,192.0,0.0,0.0,0.0,36.0,0
14908.0,1.0,277.8,132.0,0.0,0.0,0.0,74.0,0
13639.0,1.0,1033.34,800.0,0.0,0.0,0.0,74.0,0
15958.0,1.0,104.35,33.0,0.0,0.0,0.0,74.0,0
15492.0,2.0,659.4599999999999,483.0,0.0,0.0,0.0,28.0,0
15243.0,1.0,316.68,185.0,0.0,0.0,0.0,74.0,0
16468.0,1.0,74.9,31.0,0.0,0.0,0.0,74.0,0
15344.0,3.0,476.58000000000004,116.0,87.36,10.0,0.07936507936507936,1.0,-1
13866.0,1.0,145.67000000000002,57.0,0.0,0.0,0.0,74.0,0
12612.0,1.0,643.59,262.0,60.45,11.0,0.040293040293040296,74.0,0
16999.0,2.0,484.82,294.0,0.0,0.0,0.0,23.0,0
13514.0,1.0,152.20000000000002,40.0,0.0,0.0,0.0,74.0,0
13314.0,3.0,578.6600000000001,560.0,197.28,76.0,0.11949685534591195,2.0,-1
17805.0,1.0,512.31,478.0,0.0,0.0,0.0,74.0,0
18278.0,1.0,173.9,66.0,0.0,0.0,0.0,74.0,0
13979.0,1.0,869.87,639.0,0.0,0.0,0.0,73.0,0
16181.0,1.0,305.54,152.0,0.0,0.0,0.0,73.0,0
15568.0,3.0,758.29,461.0,0.0,0.0,0.0,3.0,0
16354.0,2.0,395.8,150.0,0.0,0.0,0.0,63.0,0
14412.0,2.0,761.3299999999999,786.0,8.7,2.0,0.0025380710659898475,43.0,0
16119.0,2.0,423.36,240.0,0.0,0.0,0.0,8.0,0
14109.0,1.0,80.19999999999999,88.0,64.0,32.0,0.26666666666666666,73.0,-1
16157.0,3.0,644.24,347.0,12.450000000000001,3.0,0.008571428571428572,16.0,0
15348.0,1.0,158.04,84.0,0.0,0.0,0.0,72.0,0
16281.0,1.0,2062.06,934.0,0.0,0.0,0.0,72.0,0
13924.0,6.0,1682.0800000000002,1575.0,156.77,43.0,0.02657601977750309,2.0,0
14434.0,6.0,1372.8,368.0,0.0,0.0,0.0,22.0,0
13061.0,1.0,248.61,107.0,0.0,0.0,0.0,72.0,0
17513.0,1.0,513.2,254.0,0.0,0.0,0.0,72.0,0
16909.0,1.0,364.14,436.0,15.0,2.0,0.0045662100456621,72.0,0
16650.0,1.0,518.42,372.0,0.0,0.0,0.0,72.0,0
18192.0,1.0,957.97,339.0,0.0,0.0,0.0,72.0,0
17447.0,2.0,541.53,443.0,0.0,0.0,0.0,40.0,0
17427.0,1.0,100.8,34.0,0.0,0.0,0.0,72.0,0
15175.0,1.0,224.14,454.0,0.0,0.0,0.0,72.0,0
13960.0,2.0,230.22,142.0,0.0,0.0,0.0,21.0,0
17528.0,8.0,3540.1,2138.0,88.4,8.0,0.003727865796831314,1.0,0
16361.0,4.0,896.66,421.0,0.0,0.0,0.0,10.0,0
13886.0,1.0,243.56,126.0,0.0,0.0,0.0,71.0,0
13354.0,1.0,743.53,604.0,0.0,0.0,0.0,71.0,0
15050.0,3.0,1727.1699999999998,1224.0,54.919999999999995,40.0,0.03164556962025317,25.0,0
13503.0,1.0,216.85,248.0,0.0,0.0,0.0,71.0,0
16653.0,2.0,1166.92,733.0,45.74,10.0,0.013458950201884253,16.0,0
16574.0,1.0,451.44,416.0,0.0,0.0,0.0,71.0,0
13759.0,2.0,659.4100000000001,287.0,0.0,0.0,0.0,33.0,0
17813.0,5.0,1714.6,790.0,56.28,13.0,0.0161892901618929,14.0,0
12718.0,1.0,238.25,203.0,0.0,0.0,0.0,71.0,0
15949.0,2.0,364.72,284.0,0.0,0.0,0.0,17.0,0
12703.0,1.0,274.7,164.0,8.850000000000001,3.0,0.017964071856287425,71.0,0
13364.0,1.0,0.0,71.0,134.95999999999998,71.0,0.5,71.0,3
16268.0,2.0,667.65,533.0,0.0,0.0,0.0,71.0,0
18053.0,1.0,297.07,302.0,2.95,1.0,0.0033003300330033004,71.0,0
16101.0,1.0,1245.96,757.0,44.74,19.0,0.024484536082474227,71.0,0
15565.0,2.0,173.16,60.0,0.0,0.0,0.0,50.0,0
18217.0,2.0,621.75,491.0,0.0,0.0,0.0,29.0,0
13954.0,2.0,378.59000000000003,150.0,61.33,9.0,0.05660377358490566,2.0,-1
15593.0,1.0,199.8,60.0,0.0,0.0,0.0,71.0,0
13095.0,1.0,74.39999999999999,144.0,0.0,0.0,0.0,71.0,0
15287.0,2.0,485.24,433.0,1.45,1.0,0.002304147465437788,22.0,0
13347.0,1.0,341.36,205.0,0.0,0.0,0.0,70.0,0
15185.0,1.0,310.62,666.0,0.0,0.0,0.0,70.0,0
16404.0,1.0,443.05,157.0,0.0,0.0,0.0,70.0,0
16613.0,1.0,618.59,293.0,0.0,0.0,0.0,70.0,0
16591.0,1.0,213.5,41.0,0.0,0.0,0.0,69.0,0
15774.0,1.0,270.8,87.0,0.0,0.0,0.0,69.0,0
13558.0,4.0,605.06,344.0,0.0,0.0,0.0,6.0,0
16930.0,3.0,380.55,341.0,0.0,0.0,0.0,26.0,0
16533.0,3.0,1026.94,612.0,68.62,98.0,0.13802816901408452,19.0,-1
18059.0,3.0,296.71,263.0,9.75,5.0,0.018656716417910446,23.0,0
14488.0,1.0,1047.43,799.0,16.85,6.0,0.007453416149068323,68.0,0
16747.0,2.0,826.9599999999999,583.0,9.1,6.0,0.010186757215619695,38.0,0
14333.0,1.0,351.45,58.0,63.75,6.0,0.09375,68.0,0
13635.0,1.0,1071.03,677.0,0.0,0.0,0.0,68.0,0
17330.0,2.0,363.9,120.0,0.0,0.0,0.0,23.0,0
17321.0,2.0,700.86,373.0,0.0,0.0,0.0,8.0,0
14815.0,2.0,778.5,744.0,0.0,0.0,0.0,37.0,0
15091.0,1.0,476.96,346.0,3.75,3.0,0.008595988538681949,68.0,0
15088.0,2.0,1140.27,460.0,19.8,3.0,0.0064794816414686825,21.0,0
15930.0,1.0,426.63,139.0,0.0,0.0,0.0,67.0,0
16183.0,1.0,338.71000000000004,113.0,0.0,0.0,0.0,67.0,0
13297.0,4.0,2089.85,963.0,0.0,0.0,0.0,8.0,0
13801.0,1.0,324.8,168.0,0.0,0.0,0.0,67.0,0
16881.0,1.0,432.0,600.0,0.0,0.0,0.0,67.0,0
17014.0,3.0,565.58,245.0,20.75,5.0,0.02,8.0,0
15255.0,1.0,890.85,489.0,0.0,0.0,0.0,67.0,0
14184.0,1.0,452.89,127.0,0.0,0.0,0.0,67.0,0
13351.0,1.0,373.94,117.0,0.0,0.0,0.0,66.0,0
15739.0,1.0,449.12,472.0,0.0,0.0,0.0,66.0,0
12512.0,2.0,138.03,99.0,0.0,0.0,0.0,66.0,0
17957.0,1.0,111.68,287.0,0.0,0.0,0.0,66.0,0
15276.0,1.0,135.31,64.0,0.0,0.0,0.0,66.0,0
15127.0,1.0,406.53,251.0,0.0,0.0,0.0,66.0,0
16106.0,1.0,108.38,74.0,0.0,0.0,0.0,66.0,0
17666.0,2.0,728.16,596.0,0.0,0.0,0.0,4.0,0
13483.0,1.0,140.34,160.0,0.0,0.0,0.0,66.0,0
16478.0,3.0,331.0,224.0,0.0,0.0,0.0,25.0,0
17382.0,1.0,65.4,25.0,0.0,0.0,0.0,65.0,0
12789.0,1.0,91.85,4.0,0.0,0.0,0.0,65.0,0
16020.0,3.0,851.01,487.0,0.0,0.0,0.0,17.0,0
17222.0,1.0,354.15,128.0,0.0,0.0,0.0,65.0,0
16803.0,1.0,332.3,245.0,0.0,0.0,0.0,65.0,0
13947.0,1.0,90.6,44.0,0.0,0.0,0.0,65.0,0
16758.0,1.0,369.34000000000003,203.0,0.0,0.0,0.0,65.0,0
12719.0,2.0,608.1,374.0,36.85000000000001,13.0,0.03359173126614987,5.0,0
17647.0,1.0,133.06,30.0,0.0,0.0,0.0,65.0,0
14054.0,1.0,92.46,62.0,0.0,0.0,0.0,65.0,0
12723.0,5.0,725.07,434.0,0.0,0.0,0.0,4.0,0
18033.0,1.0,97.97,253.0,0.0,0.0,0.0,65.0,0
13845.0,1.0,312.98,182.0,0.0,0.0,0.0,65.0,0
15837.0,1.0,391.98,189.0,0.0,0.0,0.0,65.0,0
12628.0,3.0,769.61,448.0,16.85,3.0,0.0066518847006651885,4.0,0
13177.0,1.0,282.45,91.0,0.0,0.0,0.0,65.0,0
14317.0,1.0,508.58000000000004,255.0,0.0,0.0,0.0,65.0,0
16295.0,4.0,1328.55,841.0,0.0,0.0,0.0,10.0,0
13602.0,1.0,428.89,267.0,0.0,0.0,0.0,65.0,0
16895.0,1.0,219.14,102.0,0.0,0.0,0.0,65.0,0
17295.0,3.0,556.95,294.0,0.0,0.0,0.0,29.0,0
13504.0,1.0,295.93,178.0,0.0,0.0,0.0,64.0,0
13422.0,1.0,2601.55,1326.0,24.75,5.0,0.003756574004507889,64.0,0
15264.0,1.0,393.74,265.0,0.0,0.0,0.0,64.0,0
16432.0,1.0,287.4,276.0,0.0,0.0,0.0,64.0,0
13816.0,2.0,555.0400000000001,269.0,16.63,9.0,0.03237410071942446,24.0,0
14518.0,1.0,174.37,278.0,0.0,0.0,0.0,64.0,0
13882.0,5.0,1131.2800000000002,953.0,59.849999999999994,3.0,0.0031380753138075313,3.0,0
15937.0,1.0,145.35,73.0,0.0,0.0,0.0,64.0,0
12923.0,1.0,176.97,69.0,0.0,0.0,0.0,64.0,0
17453.0,2.0,486.71999999999997,219.0,0.0,0.0,0.0,18.0,0
15766.0,1.0,315.06,170.0,0.0,0.0,0.0,64.0,0
15300.0,1.0,496.44,292.0,0.0,0.0,0.0,64.0,0
13348.0,1.0,233.76,136.0,0.0,0.0,0.0,64.0,0
14592.0,3.0,570.46,415.0,0.0,0.0,0.0,35.0,0
14792.0,1.0,0.0,2.0,6.2,2.0,0.5,64.0,3
17030.0,1.0,146.87,146.0,0.0,0.0,0.0,64.0,0
12420.0,1.0,600.39,345.0,0.0,0.0,0.0,64.0,0
14427.0,2.0,363.34000000000003,228.0,0.0,0.0,0.0,50.0,0
12519.0,1.0,340.84,183.0,0.0,0.0,0.0,64.0,0
13359.0,1.0,431.26,161.0,8.3,2.0,0.012269938650306749,64.0,0
14138.0,2.0,982.3800000000001,610.0,0.0,0.0,0.0,2.0,0
15297.0,3.0,635.0400000000001,292.0,6.9,2.0,0.006802721088435374,10.0,0
13876.0,1.0,122.7,36.0,0.0,0.0,0.0,64.0,0
12740.0,1.0,427.6,342.0,0.0,0.0,0.0,64.0,0
17086.0,6.0,2050.08,1859.0,0.0,0.0,0.0,7.0,0
13806.0,1.0,256.38,56.0,0.0,0.0,0.0,64.0,0
18096.0,3.0,911.15,825.0,0.0,0.0,0.0,12.0,0
13587.0,1.0,347.0,180.0,365.4,20.0,0.1,64.0,0
12856.0,6.0,2162.68,1079.0,17.25,3.0,0.0027726432532347504,8.0,0
13419.0,1.0,221.06,275.0,0.0,0.0,0.0,64.0,0
17509.0,8.0,6100.740000000001,3534.0,14.4,4.0,0.0011305822498586771,58.0,0
16900.0,3.0,187.69000000000005,833.0,699.42,110.0,0.11664899257688228,17.0,-1
13689.0,1.0,910.0,512.0,0.0,0.0,0.0,63.0,0
13755.0,9.0,2154.68,1264.0,6.67,23.0,0.017871017871017872,4.0,0
16104.0,1.0,302.36,123.0,0.0,0.0,0.0,62.0,0
13259.0,1.0,292.32,132.0,0.0,0.0,0.0,62.0,0
16248.0,1.0,152.94,78.0,0.0,0.0,0.0,62.0,0
15612.0,2.0,195.15,52.0,0.0,0.0,0.0,36.0,0
15787.0,3.0,948.05,540.0,0.0,0.0,0.0,26.0,0
16595.0,1.0,360.16,335.0,0.0,0.0,0.0,61.0,0
13260.0,1.0,557.62,142.0,0.0,0.0,0.0,61.0,0
15821.0,2.0,570.96,202.0,0.0,0.0,0.0,44.0,0
18088.0,1.0,167.67000000000002,109.0,0.0,0.0,0.0,61.0,0
16685.0,2.0,324.24,396.0,0.0,0.0,0.0,61.0,0
13193.0,1.0,117.88,50.0,0.0,0.0,0.0,61.0,0
13212.0,3.0,780.58,310.0,7.5,1.0,0.003215434083601286,20.0,0
14801.0,1.0,193.14,175.0,0.0,0.0,0.0,61.0,0
16380.0,1.0,1780.59,1524.0,0.0,0.0,0.0,61.0,0
16921.0,1.0,169.79,171.0,0.0,0.0,0.0,61.0,0
15193.0,1.0,499.32,144.0,0.0,0.0,0.0,61.0,0
14027.0,1.0,104.82,62.0,0.0,0.0,0.0,61.0,0
16179.0,1.0,215.83,99.0,0.0,0.0,0.0,61.0,0
15473.0,7.0,1465.2,672.0,306.0,120.0,0.15151515151515152,14.0,-1
17425.0,2.0,759.17,407.0,0.0,0.0,0.0,19.0,0
18169.0,1.0,202.65,61.0,0.0,0.0,0.0,61.0,0
18126.0,1.0,206.82999999999998,144.0,0.0,0.0,0.0,61.0,0
16688.0,4.0,1260.86,804.0,0.0,0.0,0.0,1.0,0
16982.0,1.0,384.06,182.0,0.0,0.0,0.0,61.0,0
15330.0,2.0,714.96,1312.0,0.0,0.0,0.0,32.0,0
17186.0,2.0,144.0,200.0,0.0,0.0,0.0,47.0,0
13685.0,7.0,3119.44,5056.0,0.0,0.0,0.0,3.0,0
16776.0,1.0,388.28,262.0,0.0,0.0,0.0,60.0,0
13980.0,1.0,200.14,172.0,0.0,0.0,0.0,60.0,0
13352.0,1.0,389.28,321.0,8.7,6.0,0.01834862385321101,60.0,0
15553.0,1.0,437.23,451.0,0.0,0.0,0.0,60.0,0
15886.0,1.0,181.09,147.0,0.0,0.0,0.0,60.0,0
17203.0,6.0,3563.85,2850.0,0.0,0.0,0.0,36.0,0
12607.0,1.0,0.0,1228.0,1579.51,1228.0,0.5,60.0,3
17459.0,2.0,657.3,537.0,0.0,0.0,0.0,43.0,0
12772.0,1.0,892.47,556.0,0.0,0.0,0.0,60.0,0
16561.0,2.0,511.12,244.0,0.0,0.0,0.0,6.0,0
14121.0,4.0,2740.3,2082.0,39.85,4.0,0.0019175455417066154,4.0,0
12371.0,2.0,1887.96,591.0,0.0,0.0,0.0,45.0,0
17119.0,2.0,593.61,334.0,13.3,7.0,0.020527859237536656,3.0,0
17620.0,1.0,81.44,60.0,0.0,0.0,0.0,60.0,0
12824.0,1.0,397.12,232.0,0.0,0.0,0.0,60.0,0
14710.0,4.0,606.13,378.0,0.0,0.0,0.0,14.0,0
16120.0,4.0,1294.14,878.0,15.0,12.0,0.01348314606741573,59.0,0
14624.0,2.0,225.85,162.0,0.0,0.0,0.0,57.0,0
16171.0,1.0,73.2,24.0,0.0,0.0,0.0,59.0,0
12536.0,3.0,4106.8200000000015,2803.0,8495.01,151.0,0.051117129316181446,43.0,0
13690.0,1.0,172.25,67.0,0.0,0.0,0.0,59.0,0
17934.0,2.0,704.25,478.0,0.0,0.0,0.0,52.0,0
14642.0,1.0,96.12,76.0,0.0,0.0,0.0,59.0,0
12602.0,1.0,153.12,162.0,0.0,0.0,0.0,59.0,0
16753.0,1.0,223.92000000000002,189.0,0.0,0.0,0.0,58.0,0
17737.0,2.0,168.24,108.0,0.0,0.0,0.0,9.0,0
13464.0,1.0,674.68,403.0,0.0,0.0,0.0,58.0,0
12667.0,1.0,620.13,395.0,0.0,0.0,0.0,58.0,0
12498.0,3.0,403.70000000000005,159.0,0.0,0.0,0.0,21.0,0
14537.0,1.0,355.56,120.0,0.0,0.0,0.0,58.0,0
17279.0,1.0,187.82999999999998,48.0,0.0,0.0,0.0,58.0,0
14251.0,5.0,2879.7000000000003,1674.0,0.0,0.0,0.0,2.0,0
12446.0,1.0,1002.3100000000001,352.0,0.0,0.0,0.0,58.0,0
12631.0,1.0,640.5,236.0,0.0,0.0,0.0,57.0,0
14234.0,4.0,775.46,963.0,0.0,0.0,0.0,22.0,0
14975.0,1.0,279.94,380.0,0.0,0.0,0.0,57.0,0
13853.0,1.0,1056.94,312.0,33.2,8.0,0.025,57.0,0
16773.0,1.0,171.59,171.0,0.0,0.0,0.0,57.0,0
16430.0,1.0,300.85,103.0,0.0,0.0,0.0,57.0,0
16793.0,1.0,243.84,146.0,0.0,0.0,0.0,57.0,0
18130.0,3.0,1045.74,824.0,13.65,7.0,0.00842358604091456,15.0,0
17614.0,1.0,390.07,238.0,0.0,0.0,0.0,57.0,0
13858.0,1.0,216.17,75.0,0.0,0.0,0.0,57.0,0
14856.0,3.0,1311.3799999999999,714.0,0.0,0.0,0.0,36.0,0
14089.0,1.0,161.0,134.0,0.0,0.0,0.0,57.0,0
15478.0,2.0,1441.42,585.0,0.0,0.0,0.0,40.0,0
16413.0,1.0,262.2,148.0,0.0,0.0,0.0,57.0,0
13810.0,3.0,899.51,312.0,599.5,1.0,0.003194888178913738,29.0,0
16416.0,3.0,1026.99,672.0,24.41,17.0,0.02467343976777939,27.0,0
13006.0,1.0,81.57,55.0,0.0,0.0,0.0,56.0,0
17986.0,1.0,20.8,10.0,0.0,0.0,0.0,56.0,0
12454.0,1.0,4.547473508864641e-13,1006.0,3528.3399999999997,1006.0,0.5,56.0,3
14910.0,4.0,389.86,238.0,44.489999999999995,17.0,0.06666666666666667,3.0,0
16243.0,2.0,409.1,110.0,0.0,0.0,0.0,34.0,0
13878.0,1.0,1281.53,475.0,0.0,0.0,0.0,55.0,0
16934.0,2.0,950.9300000000001,399.0,0.0,0.0,0.0,55.0,0
15994.0,1.0,427.07,177.0,0.0,0.0,0.0,55.0,0
14547.0,8.0,3986.74,2668.0,20.8,10.0,0.0037341299477221808,4.0,0
16052.0,1.0,362.06,282.0,0.0,0.0,0.0,54.0,0
15113.0,3.0,3439.41,2386.0,169.92000000000002,24.0,0.00995850622406639,10.0,0
12475.0,1.0,723.38,535.0,0.0,0.0,0.0,54.0,0
16542.0,1.0,119.62,46.0,0.0,0.0,0.0,54.0,0
18042.0,1.0,165.04999999999998,33.0,0.0,0.0,0.0,54.0,0
16563.0,1.0,1077.74,486.0,0.0,0.0,0.0,54.0,0
17201.0,1.0,342.63,268.0,0.0,0.0,0.0,54.0,0
17520.0,1.0,546.81,365.0,0.0,0.0,0.0,54.0,0
13923.0,1.0,351.13,185.0,0.0,0.0,0.0,54.0,0
16412.0,1.0,151.83,73.0,0.0,0.0,0.0,54.0,0
17205.0,1.0,384.08,884.0,0.0,0.0,0.0,54.0,0
17534.0,1.0,223.36,103.0,0.0,0.0,0.0,54.0,0
15335.0,1.0,173.97,80.0,0.0,0.0,0.0,54.0,0
16737.0,1.0,417.59999999999997,288.0,0.0,0.0,0.0,53.0,0
15066.0,1.0,760.59,317.0,133.0,38.0,0.10704225352112676,53.0,0
17206.0,1.0,204.24,76.0,0.0,0.0,0.0,53.0,0
17785.0,1.0,131.94,67.0,0.0,0.0,0.0,53.0,0
16932.0,1.0,161.94,87.0,0.0,0.0,0.0,53.0,0
16363.0,1.0,109.36000000000001,52.0,0.0,0.0,0.0,53.0,0
14830.0,1.0,197.13,169.0,0.0,0.0,0.0,53.0,0
17244.0,1.0,954.9,616.0,0.0,0.0,0.0,53.0,0
15355.0,2.0,277.05,45.0,0.0,0.0,0.0,29.0,0
15598.0,1.0,235.68,160.0,5.0,4.0,0.024390243902439025,53.0,0
15637.0,1.0,223.36,128.0,0.0,0.0,0.0,53.0,0
16848.0,1.0,281.42,182.0,0.0,0.0,0.0,53.0,0
15678.0,1.0,352.7,184.0,0.0,0.0,0.0,53.0,0
14015.0,1.0,917.34,378.0,0.0,0.0,0.0,53.0,0
13594.0,1.0,396.97,359.0,0.0,0.0,0.0,53.0,0
15327.0,1.0,208.75,116.0,0.0,0.0,0.0,53.0,0
14861.0,1.0,125.79,117.0,0.0,0.0,0.0,52.0,0
14554.0,4.0,2381.04,1478.0,0.0,0.0,0.0,10.0,0
12611.0,1.0,1193.32,846.0,0.0,0.0,0.0,52.0,0
14179.0,2.0,719.78,330.0,0.0,0.0,0.0,41.0,0
15604.0,1.0,216.39,159.0,0.0,0.0,0.0,52.0,0
14381.0,1.0,202.68,146.0,0.0,0.0,0.0,52.0,0
12572.0,2.0,1004.7199999999999,452.0,15.7,2.0,0.004405286343612335,9.0,0
16123.0,1.0,307.78,170.0,0.0,0.0,0.0,52.0,0
16851.0,3.0,342.45,271.0,0.0,0.0,0.0,4.0,0
17148.0,1.0,124.88,82.0,0.0,0.0,0.0,52.0,0
17549.0,2.0,148.86,210.0,0.0,0.0,0.0,24.0,0
17973.0,1.0,337.04,176.0,0.0,0.0,0.0,52.0,0
15610.0,1.0,112.46000000000001,66.0,0.0,0.0,0.0,52.0,0
15853.0,1.0,110.8,135.0,0.0,0.0,0.0,52.0,0
18019.0,1.0,38.45,7.0,0.0,0.0,0.0,52.0,0
14698.0,5.0,1250.76,615.0,0.0,0.0,0.0,2.0,0
16826.0,1.0,341.7,158.0,0.0,0.0,0.0,51.0,0
17824.0,1.0,298.4,408.0,0.0,0.0,0.0,51.0,0
12522.0,2.0,192.72,194.0,0.0,0.0,0.0,39.0,0
15803.0,1.0,415.82000000000005,290.0,0.0,0.0,0.0,51.0,0
15006.0,1.0,502.09,302.0,0.0,0.0,0.0,51.0,0
17350.0,4.0,1256.1899999999998,795.0,29.88,36.0,0.04332129963898917,8.0,0
14799.0,1.0,157.7,146.0,0.0,0.0,0.0,51.0,0
15814.0,4.0,1842.73,1271.0,102.6,24.0,0.018532818532818532,17.0,0
16260.0,1.0,1035.45,311.0,0.0,0.0,0.0,51.0,0
14638.0,1.0,443.6,166.0,0.0,0.0,0.0,51.0,0
17354.0,1.0,1393.06,1006.0,0.0,0.0,0.0,51.0,0
13245.0,1.0,430.5,125.0,0.0,0.0,0.0,51.0,0
14923.0,1.0,749.1,418.0,0.0,0.0,0.0,51.0,0
16177.0,1.0,331.95,95.0,0.0,0.0,0.0,50.0,0
13366.0,1.0,56.160000000000004,144.0,0.0,0.0,0.0,50.0,0
16284.0,2.0,823.97,544.0,0.0,0.0,0.0,31.0,0
16846.0,1.0,214.32,135.0,0.0,0.0,0.0,50.0,0
14484.0,1.0,321.92,210.0,0.0,0.0,0.0,50.0,0
13897.0,1.0,311.16,200.0,0.0,0.0,0.0,50.0,0
14585.0,1.0,157.05,91.0,0.0,0.0,0.0,50.0,0
17125.0,1.0,259.35,291.0,0.0,0.0,0.0,50.0,0
15836.0,1.0,117.47,26.0,19.9,2.0,0.07142857142857142,50.0,0
16313.0,2.0,274.15000000000003,165.0,0.0,0.0,0.0,3.0,0
13460.0,2.0,183.44,286.0,0.0,0.0,0.0,29.0,0
12403.0,1.0,409.7,96.0,18.0,1.0,0.010309278350515464,50.0,0
14967.0,1.0,463.8,140.0,0.0,0.0,0.0,50.0,0
15286.0,1.0,240.55,55.0,0.0,0.0,0.0,50.0,0
17832.0,1.0,155.37,208.0,0.0,0.0,0.0,50.0,0
12646.0,2.0,1346.97,897.0,0.0,0.0,0.0,5.0,0
16015.0,3.0,690.54,909.0,14.850000000000001,3.0,0.003289473684210526,4.0,0
16311.0,2.0,616.26,394.0,0.0,0.0,0.0,18.0,0
15728.0,0.0,-134.8,0.0,134.8,34.0,0.0,365.0,1
15740.0,1.0,154.88,152.0,0.0,0.0,0.0,49.0,0
13974.0,1.0,413.59000000000003,249.0,0.0,0.0,0.0,49.0,0
15677.0,1.0,657.23,319.0,0.0,0.0,0.0,49.0,0
15000.0,1.0,490.52,218.0,0.0,0.0,0.0,48.0,0
16017.0,1.0,211.88,102.0,0.0,0.0,0.0,47.0,0
13471.0,4.0,2531.58,1590.0,0.0,0.0,0.0,1.0,0
13598.0,1.0,167.42000000000002,58.0,12.75,1.0,0.01694915254237288,47.0,0
18005.0,2.0,249.72,93.0,0.0,0.0,0.0,4.0,0
15427.0,3.0,1483.14,1013.0,0.0,0.0,0.0,33.0,0
15022.0,4.0,905.04,543.0,0.0,0.0,0.0,12.0,0
17111.0,1.0,248.61,302.0,0.0,0.0,0.0,47.0,0
17836.0,1.0,110.21000000000001,88.0,0.0,0.0,0.0,47.0,0
14629.0,2.0,939.21,380.0,19.8,4.0,0.010416666666666666,4.0,0
15592.0,1.0,388.58,354.0,0.0,0.0,0.0,47.0,0
15277.0,1.0,255.89999999999998,205.0,0.0,0.0,0.0,47.0,0
16491.0,1.0,731.5,478.0,0.0,0.0,0.0,47.0,0
15516.0,3.0,62.43,27.0,0.0,0.0,0.0,45.0,0
14764.0,1.0,250.55,190.0,27.75,15.0,0.07317073170731707,47.0,0
16742.0,1.0,0.0,1.0,464.9,190.0,0.9947643979057592,47.0,-1
15142.0,1.0,498.74,365.0,0.0,0.0,0.0,46.0,0
17344.0,1.0,160.57,66.0,0.0,0.0,0.0,46.0,0
18240.0,1.0,422.58,126.0,0.0,0.0,0.0,46.0,0
17081.0,2.0,290.16,78.0,0.0,0.0,0.0,25.0,0
14474.0,1.0,537.7099999999999,140.0,9.95,1.0,0.0070921985815602835,46.0,0
14139.0,1.0,415.82,510.0,0.0,0.0,0.0,46.0,0
15844.0,1.0,130.73999999999998,134.0,0.0,0.0,0.0,46.0,0
13176.0,1.0,492.84,453.0,0.0,0.0,0.0,46.0,0
12398.0,1.0,1635.6599999999999,1394.0,0.0,0.0,0.0,46.0,0
15345.0,1.0,367.69,81.0,25.85,3.0,0.03571428571428571,46.0,0
16708.0,1.0,656.63,285.0,0.0,0.0,0.0,46.0,0
15963.0,2.0,470.76,298.0,0.0,0.0,0.0,20.0,0
18045.0,1.0,189.4,142.0,0.0,0.0,0.0,45.0,0
13182.0,1.0,121.18,201.0,0.0,0.0,0.0,45.0,0
15158.0,1.0,401.40000000000003,198.0,0.0,0.0,0.0,45.0,0
13028.0,2.0,659.68,798.0,1.6400000000000001,2.0,0.0025,23.0,0
13978.0,2.0,196.79000000000002,315.0,0.0,0.0,0.0,15.0,0
16056.0,1.0,664.85,347.0,0.0,0.0,0.0,45.0,0
12812.0,1.0,229.64000000000001,164.0,0.0,0.0,0.0,45.0,0
16071.0,1.0,326.24,180.0,0.0,0.0,0.0,45.0,0
14539.0,2.0,537.48,428.0,0.0,0.0,0.0,16.0,0
14550.0,2.0,765.62,394.0,0.0,0.0,0.0,11.0,0
17712.0,1.0,522.91,215.0,0.0,0.0,0.0,45.0,0
14102.0,5.0,1314.73,961.0,45.55,23.0,0.023373983739837397,5.0,0
14598.0,1.0,221.97,189.0,0.0,0.0,0.0,44.0,0
15320.0,1.0,267.13,326.0,0.0,0.0,0.0,44.0,0
16415.0,1.0,210.35,187.0,0.0,0.0,0.0,44.0,0
12448.0,1.0,449.45,243.0,0.0,0.0,0.0,44.0,0
12827.0,3.0,430.15000000000003,197.0,0.0,0.0,0.0,6.0,0
16345.0,1.0,575.41,289.0,0.0,0.0,0.0,44.0,0
15993.0,7.0,2756.82,2051.0,40.75,9.0,0.004368932038834952,9.0,0
17895.0,1.0,98.0,130.0,0.0,0.0,0.0,44.0,0
15948.0,2.0,955.24,567.0,0.0,0.0,0.0,8.0,0
15659.0,1.0,306.45,111.0,0.0,0.0,0.0,44.0,0
18154.0,2.0,399.19,255.0,0.0,0.0,0.0,3.0,0
12630.0,2.0,1270.88,548.0,0.0,0.0,0.0,10.0,0
13363.0,2.0,992.5,710.0,0.0,0.0,0.0,18.0,0
18276.0,1.0,323.36,186.0,12.5,2.0,0.010638297872340425,44.0,0
17684.0,1.0,239.41,145.0,0.0,0.0,0.0,44.0,0
17878.0,1.0,379.45,401.0,0.0,0.0,0.0,44.0,0
14752.0,1.0,389.64,260.0,0.0,0.0,0.0,44.0,0
16847.0,1.0,193.44,78.0,0.0,0.0,0.0,43.0,0
14971.0,3.0,1116.57,644.0,0.0,0.0,0.0,35.0,0
17545.0,3.0,645.96,341.0,0.0,0.0,0.0,43.0,0
16026.0,1.0,236.09,243.0,0.0,0.0,0.0,43.0,0
16513.0,4.0,874.59,407.0,0.0,0.0,0.0,5.0,0
12430.0,1.0,256.4,117.0,0.0,0.0,0.0,43.0,0
14357.0,1.0,225.77,148.0,0.0,0.0,0.0,43.0,0
16855.0,2.0,328.4,164.0,0.0,0.0,0.0,24.0,0
16680.0,1.0,183.7,94.0,0.0,0.0,0.0,43.0,0
18035.0,3.0,730.4,611.0,0.0,0.0,0.0,36.0,0
16648.0,1.0,270.85999999999996,281.0,19.8,12.0,0.040955631399317405,43.0,0
16164.0,3.0,802.53,433.0,19.95,1.0,0.002304147465437788,17.0,0
14218.0,1.0,169.48000000000002,160.0,0.0,0.0,0.0,43.0,0
15096.0,1.0,219.39000000000001,120.0,0.0,0.0,0.0,43.0,0
18030.0,2.0,220.7,67.0,9.95,1.0,0.014705882352941176,4.0,0
14416.0,2.0,490.22,326.0,0.0,0.0,0.0,22.0,0
17839.0,1.0,338.8,285.0,0.0,0.0,0.0,42.0,0
16601.0,1.0,244.79999999999998,134.0,0.0,0.0,0.0,41.0,0
12912.0,5.0,1662.3,670.0,0.0,0.0,0.0,3.0,0
13278.0,1.0,542.73,537.0,0.0,0.0,0.0,41.0,0
14582.0,1.0,114.11,73.0,0.0,0.0,0.0,41.0,0
15748.0,1.0,149.31,51.0,0.0,0.0,0.0,40.0,0
16079.0,3.0,1352.0,864.0,0.0,0.0,0.0,17.0,0
17590.0,3.0,1479.22,828.0,0.0,0.0,0.0,2.0,0
15054.0,2.0,302.1,198.0,0.0,0.0,0.0,12.0,0
14158.0,1.0,507.66,781.0,0.0,0.0,0.0,40.0,0
15385.0,1.0,316.88,161.0,0.0,0.0,0.0,40.0,0
16506.0,2.0,90.30000000000001,42.0,0.0,0.0,0.0,20.0,0
13822.0,2.0,632.0,611.0,0.0,0.0,0.0,6.0,0
18067.0,1.0,396.33,189.0,0.0,0.0,0.0,40.0,0
16190.0,1.0,215.08,88.0,0.0,0.0,0.0,40.0,0
15444.0,2.0,1418.26,764.0,0.0,0.0,0.0,9.0,0
13607.0,1.0,678.01,290.0,0.0,0.0,0.0,40.0,0
12581.0,1.0,197.71,161.0,0.0,0.0,0.0,40.0,0
15360.0,1.0,427.93,223.0,0.0,0.0,0.0,40.0,0
13103.0,1.0,243.94,82.0,0.0,0.0,0.0,40.0,0
15667.0,1.0,301.32,240.0,0.0,0.0,0.0,40.0,0
13651.0,2.0,94.2,33.0,0.0,0.0,0.0,35.0,0
12552.0,2.0,437.82,88.0,0.0,0.0,0.0,39.0,0
16127.0,1.0,656.25,323.0,0.0,0.0,0.0,39.0,0
12588.0,1.0,214.89999999999998,53.0,0.0,0.0,0.0,39.0,0
15977.0,2.0,1054.73,1016.0,0.0,0.0,0.0,17.0,0
13697.0,1.0,151.29999999999998,177.0,0.0,0.0,0.0,39.0,0
14345.0,1.0,108.97999999999999,50.0,0.0,0.0,0.0,39.0,0
17503.0,2.0,558.96,486.0,0.0,0.0,0.0,3.0,0
16830.0,1.0,325.91,264.0,0.0,0.0,0.0,39.0,0
17495.0,2.0,497.56,229.0,0.0,0.0,0.0,8.0,0
12491.0,1.0,460.40000000000003,260.0,0.0,0.0,0.0,39.0,0
14485.0,1.0,165.75,71.0,0.0,0.0,0.0,39.0,0
13868.0,2.0,3192.54,1964.0,0.0,0.0,0.0,7.0,0
15423.0,1.0,43.5,101.0,0.0,0.0,0.0,38.0,0
17668.0,2.0,347.75,93.0,0.0,0.0,0.0,1.0,0
16971.0,1.0,232.20999999999998,72.0,125.0,1.0,0.0136986301369863,38.0,0
16352.0,2.0,494.44,300.0,0.0,0.0,0.0,18.0,0
16884.0,2.0,429.84000000000003,320.0,0.0,0.0,0.0,38.0,0
15830.0,1.0,547.7,415.0,28.3,6.0,0.014251781472684086,38.0,0
14216.0,4.0,1839.3,594.0,0.0,0.0,0.0,3.0,0
15275.0,1.0,609.1899999999999,498.0,5.95,1.0,0.002004008016032064,38.0,0
16790.0,6.0,1520.1200000000001,898.0,25.5,6.0,0.00663716814159292,4.0,0
15576.0,1.0,940.6700000000001,404.0,0.0,0.0,0.0,38.0,0
18105.0,1.0,113.48000000000002,46.0,0.0,0.0,0.0,38.0,0
18164.0,1.0,394.70000000000005,184.0,4.95,1.0,0.005405405405405406,37.0,0
14974.0,1.0,114.39,44.0,0.0,0.0,0.0,37.0,0
17947.0,1.0,176.68,168.0,0.0,0.0,0.0,37.0,0
13318.0,3.0,640.76,304.0,0.0,0.0,0.0,1.0,0
18104.0,1.0,754.64,362.0,0.0,0.0,0.0,37.0,0
13271.0,1.0,178.26,253.0,39.12,72.0,0.22153846153846155,37.0,-1
17595.0,2.0,388.79,229.0,0.0,0.0,0.0,12.0,0
14528.0,1.0,364.21999999999997,278.0,0.0,0.0,0.0,37.0,0
17432.0,2.0,365.76,207.0,0.0,0.0,0.0,18.0,0
16337.0,1.0,151.05,87.0,0.0,0.0,0.0,37.0,0
14098.0,1.0,147.35,104.0,0.0,0.0,0.0,37.0,0
15551.0,1.0,436.06,218.0,0.0,0.0,0.0,37.0,0
16347.0,2.0,887.65,353.0,0.0,0.0,0.0,11.0,0
13721.0,1.0,524.14,316.0,0.0,0.0,0.0,36.0,0
16322.0,2.0,326.75,231.0,0.0,0.0,0.0,1.0,0
17403.0,1.0,281.62,117.0,0.0,0.0,0.0,36.0,0
16914.0,1.0,208.46,121.0,0.0,0.0,0.0,36.0,0
16602.0,1.0,494.73,336.0,33.35,19.0,0.05352112676056338,36.0,0
12544.0,1.0,355.7,136.0,17.0,4.0,0.02857142857142857,36.0,0
13914.0,2.0,613.95,380.0,12.5,1.0,0.0026246719160104987,12.0,0
13467.0,2.0,1083.71,584.0,0.0,0.0,0.0,11.0,0
17221.0,2.0,335.13,288.0,0.0,0.0,0.0,7.0,0
17078.0,2.0,378.2,788.0,0.0,0.0,0.0,36.0,0
13447.0,3.0,1104.23,584.0,24.910000000000004,7.0,0.011844331641285956,23.0,0
15010.0,1.0,308.94,184.0,0.0,0.0,0.0,36.0,0
18022.0,1.0,668.11,736.0,0.0,0.0,0.0,36.0,0
16318.0,1.0,328.15,199.0,0.0,0.0,0.0,35.0,0
17274.0,1.0,111.97999999999999,79.0,0.0,0.0,0.0,35.0,0
15597.0,1.0,315.71999999999997,279.0,8.850000000000001,3.0,0.010638297872340425,35.0,0
17233.0,1.0,190.88,131.0,0.0,0.0,0.0,35.0,0
16887.0,1.0,194.88,157.0,0.0,0.0,0.0,35.0,0
13938.0,1.0,71.66,70.0,0.0,0.0,0.0,35.0,0
17084.0,2.0,2949.75,1816.0,0.0,0.0,0.0,35.0,0
14882.0,2.0,589.7,158.0,0.0,0.0,0.0,27.0,0
15017.0,1.0,125.58,63.0,0.0,0.0,0.0,34.0,0
12882.0,2.0,1463.04,246.0,0.0,0.0,0.0,9.0,0
17387.0,2.0,784.11,542.0,0.0,0.0,0.0,20.0,0
13727.0,2.0,333.48,162.0,0.0,0.0,0.0,29.0,0
13532.0,1.0,210.31,129.0,0.0,0.0,0.0,34.0,0
16445.0,1.0,230.51,111.0,0.0,0.0,0.0,34.0,0
15156.0,3.0,961.49,597.0,0.0,0.0,0.0,1.0,0
16372.0,2.0,367.93,166.0,0.0,0.0,0.0,33.0,0
17608.0,2.0,193.42,232.0,0.0,0.0,0.0,33.0,0
12638.0,1.0,671.69,577.0,0.0,0.0,0.0,33.0,0
14174.0,1.0,134.46,94.0,0.0,0.0,0.0,33.0,0
14039.0,1.0,152.2,92.0,0.0,0.0,0.0,33.0,0
13040.0,2.0,676.99,355.0,0.0,0.0,0.0,9.0,0
15883.0,2.0,396.48,223.0,0.0,0.0,0.0,2.0,0
14664.0,2.0,637.89,466.0,0.0,0.0,0.0,20.0,0
15526.0,2.0,148.44,24.0,0.0,0.0,0.0,33.0,0
17831.0,1.0,35.400000000000006,12.0,0.0,0.0,0.0,33.0,0
15025.0,1.0,377.01,189.0,0.0,0.0,0.0,33.0,0
12357.0,1.0,6207.67,2708.0,0.0,0.0,0.0,33.0,-1
17761.0,1.0,712.78,398.0,0.0,0.0,0.0,33.0,0
15870.0,1.0,354.09000000000003,335.0,0.0,0.0,0.0,33.0,0
14080.0,1.0,45.599999999999994,48.0,0.0,0.0,0.0,33.0,0
17623.0,1.0,527.0500000000001,265.0,0.0,0.0,0.0,33.0,0
13673.0,2.0,396.92,119.0,0.0,0.0,0.0,19.0,0
14073.0,1.0,139.54,130.0,11.5,2.0,0.015151515151515152,32.0,0
16070.0,2.0,852.15,457.0,0.0,0.0,0.0,22.0,0
13066.0,2.0,430.90000000000003,322.0,39.9,2.0,0.006172839506172839,24.0,0
14929.0,1.0,223.88,136.0,0.0,0.0,0.0,32.0,0
13710.0,1.0,180.48,176.0,0.0,0.0,0.0,32.0,0
16732.0,1.0,603.75,317.0,0.0,0.0,0.0,32.0,0
14140.0,2.0,920.05,811.0,15.0,2.0,0.0024600246002460025,4.0,0
17219.0,1.0,114.23,89.0,0.0,0.0,0.0,32.0,0
16505.0,1.0,777.6,576.0,0.0,0.0,0.0,32.0,0
15957.0,1.0,428.89,211.0,0.0,0.0,0.0,32.0,0
18123.0,2.0,589.4399999999999,594.0,0.0,0.0,0.0,24.0,0
15043.0,1.0,537.0,300.0,0.0,0.0,0.0,31.0,0
17313.0,1.0,2288.13,1402.0,40.71,20.0,0.014064697609001406,31.0,0
18216.0,1.0,481.75,200.0,0.0,0.0,0.0,31.0,0
17022.0,1.0,71.0,108.0,0.0,0.0,0.0,31.0,0
15153.0,1.0,329.25,198.0,0.0,0.0,0.0,31.0,0
16759.0,3.0,772.8399999999999,609.0,16.95,1.0,0.001639344262295082,8.0,0
16751.0,1.0,1764.72,1031.0,0.0,0.0,0.0,31.0,0
12893.0,1.0,188.14,96.0,0.0,0.0,0.0,31.0,0
14836.0,3.0,102.44999999999999,45.0,0.0,0.0,0.0,10.0,0
17011.0,1.0,270.9,186.0,0.0,0.0,0.0,30.0,0
12532.0,1.0,349.83000000000004,153.0,0.0,0.0,0.0,30.0,0
17038.0,1.0,112.4,28.0,0.0,0.0,0.0,30.0,0
14968.0,1.0,147.59,127.0,0.0,0.0,0.0,30.0,0
12504.0,2.0,114.0,90.0,368.04999999999995,39.0,0.3023255813953488,18.0,-1
16516.0,1.0,101.69999999999999,58.0,0.0,0.0,0.0,30.0,0
13522.0,1.0,125.80000000000001,44.0,0.0,0.0,0.0,30.0,0
15986.0,1.0,168.12,268.0,0.0,0.0,0.0,30.0,0
13992.0,1.0,76.8,64.0,0.0,0.0,0.0,30.0,0
14354.0,2.0,163.62,210.0,0.0,0.0,0.0,6.0,0
16986.0,2.0,1873.2,1040.0,0.0,0.0,0.0,30.0,0
16953.0,1.0,20.8,10.0,0.0,0.0,0.0,30.0,0
18274.0,1.0,0.0,88.0,175.92,88.0,0.5,30.0,3
15450.0,1.0,429.84,376.0,0.0,0.0,0.0,30.0,0
15531.0,2.0,2007.44,1105.0,0.0,0.0,0.0,8.0,0
17500.0,3.0,1138.0,17.0,0.0,0.0,0.0,17.0,0
17197.0,1.0,1013.01,191.0,0.0,0.0,0.0,30.0,0
16025.0,1.0,439.65999999999997,338.0,0.0,0.0,0.0,30.0,0
12659.0,1.0,91.68,105.0,0.0,0.0,0.0,30.0,0
17461.0,3.0,757.46,799.0,0.0,0.0,0.0,23.0,0
17791.0,1.0,106.1,46.0,0.0,0.0,0.0,30.0,0
15463.0,1.0,126.14,106.0,0.0,0.0,0.0,29.0,0
17977.0,1.0,288.14,342.0,0.0,0.0,0.0,29.0,0
12617.0,1.0,355.53,213.0,0.0,0.0,0.0,29.0,0
14863.0,1.0,266.76,132.0,0.0,0.0,0.0,29.0,0
16903.0,1.0,373.24,262.0,0.0,0.0,0.0,29.0,0
12508.0,2.0,398.27,272.0,0.0,0.0,0.0,26.0,0
17502.0,4.0,689.1,376.0,0.0,0.0,0.0,9.0,0
12538.0,1.0,363.95,191.0,0.0,0.0,0.0,29.0,0
17901.0,1.0,110.38,24.0,0.0,0.0,0.0,29.0,0
14789.0,1.0,197.64,116.0,0.0,0.0,0.0,29.0,0
18209.0,1.0,139.10000000000002,58.0,0.0,0.0,0.0,29.0,0
12985.0,2.0,1215.6200000000001,1533.0,23.759999999999998,120.0,0.07259528130671507,1.0,-1
15557.0,1.0,473.65000000000003,219.0,0.0,0.0,0.0,29.0,0
16433.0,1.0,184.26,106.0,0.0,0.0,0.0,28.0,0
15692.0,1.0,191.04,138.0,0.0,0.0,0.0,28.0,0
17052.0,1.0,413.75,261.0,0.0,0.0,0.0,28.0,0
16368.0,2.0,497.43,260.0,0.0,0.0,0.0,2.0,0
18014.0,1.0,166.42,68.0,0.0,0.0,0.0,28.0,0
13732.0,1.0,491.86,498.0,0.0,0.0,0.0,28.0,0
13091.0,1.0,319.82,466.0,26.0,16.0,0.03319502074688797,28.0,0
14661.0,1.0,107.95,35.0,0.0,0.0,0.0,27.0,0
13170.0,1.0,116.00999999999999,147.0,0.0,0.0,0.0,27.0,0
15654.0,2.0,922.53,475.0,0.0,0.0,0.0,9.0,0
13146.0,1.0,228.91,154.0,0.0,0.0,0.0,26.0,0
14788.0,2.0,679.4399999999999,421.0,0.0,0.0,0.0,7.0,0
13603.0,1.0,164.34,164.0,0.0,0.0,0.0,26.0,0
14382.0,1.0,626.0699999999999,1237.0,0.0,0.0,0.0,26.0,0
16720.0,1.0,155.24,182.0,0.0,0.0,0.0,26.0,0
14904.0,2.0,1025.44,1985.0,0.0,0.0,0.0,2.0,0
14494.0,1.0,139.56,92.0,0.0,0.0,0.0,26.0,0
14902.0,1.0,314.11,218.0,18.55,9.0,0.039647577092511016,26.0,0
16936.0,1.0,262.68,173.0,0.0,0.0,0.0,26.0,0
12938.0,1.0,114.14,140.0,0.0,0.0,0.0,26.0,0
15168.0,1.0,106.56,52.0,0.0,0.0,0.0,26.0,0
17538.0,1.0,98.42,134.0,0.0,0.0,0.0,26.0,0
18082.0,1.0,703.37,621.0,0.0,0.0,0.0,26.0,0
18117.0,1.0,320.72,618.0,0.0,0.0,0.0,26.0,0
15458.0,1.0,161.64,156.0,0.0,0.0,0.0,25.0,0
17566.0,2.0,901.21,518.0,0.0,0.0,0.0,8.0,0
16207.0,1.0,394.38,140.0,0.0,0.0,0.0,25.0,0
12762.0,2.0,1898.52,1227.0,0.0,0.0,0.0,8.0,0
17793.0,1.0,323.04,232.0,0.0,0.0,0.0,25.0,0
14953.0,1.0,289.82,225.0,0.0,0.0,0.0,25.0,0
16504.0,1.0,484.38,524.0,0.0,0.0,0.0,25.0,0
12374.0,1.0,742.9300000000001,342.0,0.0,0.0,0.0,25.0,0
15009.0,3.0,1261.78,642.0,0.0,0.0,0.0,12.0,0
16423.0,1.0,346.12,230.0,0.0,0.0,0.0,25.0,0
15419.0,1.0,135.86,230.0,0.0,0.0,0.0,25.0,0
17510.0,1.0,308.48,214.0,0.0,0.0,0.0,25.0,0
15758.0,1.0,205.25,47.0,0.0,0.0,0.0,25.0,0
15524.0,1.0,440.0,4.0,0.0,0.0,0.0,25.0,0
14725.0,1.0,718.08,593.0,0.0,0.0,0.0,25.0,0
14666.0,1.0,195.25,161.0,0.0,0.0,0.0,24.0,0
14714.0,1.0,160.19,229.0,0.0,0.0,0.0,24.0,0
17153.0,1.0,213.78,104.0,0.0,0.0,0.0,24.0,0
12950.0,3.0,1843.0,1380.0,0.0,0.0,0.0,2.0,0
15720.0,1.0,598.73,281.0,0.0,0.0,0.0,24.0,0
18181.0,1.0,382.8,146.0,0.0,0.0,0.0,24.0,0
15556.0,1.0,279.77,236.0,0.0,0.0,0.0,24.0,0
17357.0,2.0,388.14,153.0,0.0,0.0,0.0,24.0,0
12890.0,1.0,380.46999999999997,259.0,0.0,0.0,0.0,24.0,0
13449.0,1.0,291.88,222.0,0.0,0.0,0.0,24.0,0
15269.0,1.0,408.8,26.0,0.0,0.0,0.0,24.0,0
14385.0,3.0,202.11,159.0,0.0,0.0,0.0,9.0,0
15900.0,1.0,351.11,221.0,0.0,0.0,0.0,24.0,0
17680.0,1.0,184.4,96.0,0.0,0.0,0.0,24.0,0
13926.0,1.0,223.85000000000002,104.0,0.0,0.0,0.0,23.0,0
16204.0,1.0,405.71,231.0,0.0,0.0,0.0,23.0,0
17896.0,1.0,256.32,288.0,0.0,0.0,0.0,23.0,0
17835.0,3.0,350.64,348.0,0.0,0.0,0.0,3.0,0
15432.0,1.0,171.19,65.0,0.0,0.0,0.0,23.0,0
18006.0,1.0,444.68,220.0,0.0,0.0,0.0,23.0,0
15657.0,1.0,30.0,24.0,0.0,0.0,0.0,23.0,0
17237.0,2.0,314.69,105.0,0.0,0.0,0.0,11.0,0
13160.0,1.0,91.8,56.0,0.0,0.0,0.0,22.0,0
12847.0,1.0,871.54,909.0,0.0,0.0,0.0,22.0,0
17397.0,2.0,696.41,254.0,0.0,0.0,0.0,22.0,0
17985.0,1.0,634.95,183.0,0.0,0.0,0.0,22.0,0
14362.0,1.0,161.2,100.0,0.0,0.0,0.0,22.0,0
13828.0,1.0,209.49,311.0,0.0,0.0,0.0,22.0,0
15435.0,1.0,149.29,54.0,0.0,0.0,0.0,22.0,0
12445.0,1.0,133.4,62.0,0.0,0.0,0.0,22.0,0
12603.0,1.0,739.1999999999999,64.0,0.0,0.0,0.0,22.0,0
14641.0,1.0,110.46,90.0,0.0,0.0,0.0,22.0,0
12618.0,1.0,177.31,96.0,0.0,0.0,0.0,22.0,0
15621.0,4.0,1158.77,501.0,134.26000000000002,38.0,0.07050092764378478,4.0,0
12391.0,1.0,460.89,300.0,0.0,0.0,0.0,22.0,0
18034.0,2.0,422.88,561.0,0.0,0.0,0.0,22.0,0
17286.0,1.0,153.92,118.0,0.0,0.0,0.0,22.0,0
17904.0,1.0,178.92,63.0,12.75,1.0,0.015625,21.0,0
17301.0,1.0,197.63,149.0,0.0,0.0,0.0,21.0,0
15368.0,1.0,446.94000000000005,230.0,0.0,0.0,0.0,21.0,0
14793.0,1.0,214.14000000000001,91.0,14.850000000000001,3.0,0.031914893617021274,21.0,0
17650.0,1.0,166.08,150.0,0.0,0.0,0.0,21.0,0
12702.0,1.0,219.0,53.0,0.0,0.0,0.0,20.0,0
14881.0,1.0,255.4,316.0,0.0,0.0,0.0,20.0,0
16784.0,1.0,107.6,24.0,0.0,0.0,0.0,20.0,0
14052.0,1.0,225.36,89.0,0.0,0.0,0.0,20.0,0
18110.0,1.0,206.05,86.0,30.25,7.0,0.07526881720430108,20.0,-1
17561.0,1.0,167.62,146.0,0.0,0.0,0.0,19.0,0
15988.0,1.0,158.03,181.0,0.0,0.0,0.0,19.0,0
17523.0,4.0,652.74,872.0,0.0,0.0,0.0,11.0,0
14950.0,1.0,361.25,136.0,9.95,1.0,0.0072992700729927005,19.0,0
16666.0,1.0,118.98,233.0,0.0,0.0,0.0,19.0,0
14860.0,1.0,168.62,232.0,1.7,2.0,0.008547008547008548,19.0,0
17636.0,1.0,265.93,182.0,19.630000000000003,6.0,0.031914893617021274,19.0,0
13832.0,1.0,40.949999999999996,28.0,11.25,3.0,0.0967741935483871,19.0,-1
13142.0,1.0,307.09,258.0,0.0,0.0,0.0,19.0,0
16366.0,1.0,327.3,256.0,0.0,0.0,0.0,19.0,0
14300.0,1.0,43.2,32.0,0.0,0.0,0.0,19.0,0
12349.0,1.0,1757.55,631.0,0.0,0.0,0.0,19.0,0
12658.0,1.0,686.05,320.0,0.0,0.0,0.0,19.0,0
12795.0,1.0,430.48,68.0,0.0,0.0,0.0,19.0,0
15567.0,1.0,186.01,223.0,0.0,0.0,0.0,19.0,0
15645.0,1.0,612.01,256.0,0.0,0.0,0.0,19.0,0
16406.0,1.0,163.07,123.0,0.0,0.0,0.0,19.0,0
15857.0,1.0,297.0,308.0,0.0,0.0,0.0,19.0,0
12984.0,1.0,97.5,26.0,0.0,0.0,0.0,19.0,0
17253.0,1.0,178.26,43.0,0.0,0.0,0.0,18.0,0
13739.0,1.0,216.9,54.0,0.0,0.0,0.0,18.0,0
18139.0,6.0,8393.22,5557.0,45.120000000000005,96.0,0.016982133380505925,18.0,0
15274.0,2.0,716.57,619.0,0.0,0.0,0.0,4.0,0
17010.0,1.0,185.46,118.0,9.9,2.0,0.016666666666666666,18.0,0
15115.0,1.0,340.11,157.0,0.0,0.0,0.0,18.0,0
17100.0,2.0,971.74,800.0,0.0,0.0,0.0,18.0,0
15699.0,1.0,309.65,113.0,0.0,0.0,0.0,18.0,0
13403.0,1.0,75.0,44.0,0.0,0.0,0.0,18.0,0
16956.0,1.0,292.34000000000003,114.0,16.4,2.0,0.017241379310344827,18.0,0
17600.0,1.0,161.67000000000002,144.0,0.0,0.0,0.0,18.0,0
15877.0,2.0,440.78,371.0,52.5,125.0,0.25201612903225806,2.0,-1
14424.0,1.0,322.08,48.0,0.0,0.0,0.0,18.0,0
13322.0,1.0,199.48000000000002,117.0,0.0,0.0,0.0,17.0,0
17297.0,1.0,131.78,67.0,0.0,0.0,0.0,17.0,0
13986.0,1.0,320.46,430.0,0.0,0.0,0.0,17.0,0
12920.0,1.0,164.23,129.0,0.0,0.0,0.0,17.0,0
18249.0,1.0,95.34,128.0,0.0,0.0,0.0,17.0,0
15634.0,1.0,243.55,99.0,0.0,0.0,0.0,17.0,0
16376.0,2.0,977.52,694.0,9.49,5.0,0.00715307582260372,9.0,0
16811.0,2.0,547.07,477.0,0.0,0.0,0.0,5.0,0
12452.0,2.0,428.57,185.0,2.0,2.0,0.0106951871657754,17.0,0
14581.0,1.0,138.6,217.0,0.0,0.0,0.0,17.0,0
14675.0,1.0,604.75,341.0,0.0,0.0,0.0,16.0,0
17290.0,2.0,525.24,404.0,0.0,0.0,0.0,4.0,0
16343.0,2.0,370.47999999999996,195.0,0.0,0.0,0.0,16.0,0
13638.0,1.0,122.64,93.0,0.0,0.0,0.0,16.0,0
16482.0,1.0,220.62,346.0,0.0,0.0,0.0,16.0,0
12784.0,2.0,574.42,300.0,0.0,0.0,0.0,9.0,0
17458.0,1.0,316.5,170.0,0.0,0.0,0.0,15.0,0
14785.0,2.0,77.4,84.0,0.0,0.0,0.0,10.0,0
17254.0,2.0,272.44,252.0,0.0,0.0,0.0,5.0,0
17767.0,1.0,271.2,128.0,0.0,0.0,0.0,15.0,0
15725.0,1.0,415.25,221.0,0.0,0.0,0.0,15.0,0
17247.0,1.0,282.19,106.0,0.0,0.0,0.0,15.0,0
18184.0,1.0,49.8,60.0,0.0,0.0,0.0,15.0,0
15428.0,1.0,93.78,102.0,0.0,0.0,0.0,15.0,0
17727.0,1.0,1042.55,645.0,17.700000000000003,6.0,0.009216589861751152,15.0,0
14756.0,1.0,738.96,416.0,0.0,0.0,0.0,15.0,0
16856.0,1.0,35.400000000000006,12.0,0.0,0.0,0.0,15.0,0
14703.0,1.0,318.17,183.0,0.0,0.0,0.0,15.0,0
17385.0,1.0,261.11,201.0,0.0,0.0,0.0,15.0,0
12531.0,1.0,125.22,45.0,0.0,0.0,0.0,15.0,0
15872.0,2.0,360.93,212.0,0.0,0.0,0.0,15.0,0
14966.0,1.0,191.32,187.0,0.0,0.0,0.0,15.0,0
17232.0,2.0,421.52,203.0,0.0,0.0,0.0,3.0,0
17468.0,2.0,137.0,116.0,0.0,0.0,0.0,10.0,0
13332.0,1.0,350.9,179.0,0.0,0.0,0.0,14.0,0
14946.0,1.0,100.9,22.0,0.0,0.0,0.0,14.0,0
13256.0,1.0,0.0,12540.0,0.0,0.0,0.0,14.0,-1
13596.0,2.0,697.04,406.0,0.0,0.0,0.0,6.0,0
16024.0,1.0,251.24,398.0,0.0,0.0,0.0,12.0,0
14954.0,1.0,336.17,127.0,0.0,0.0,0.0,12.0,0
17885.0,1.0,190.19,167.0,0.0,0.0,0.0,12.0,0
14093.0,1.0,442.85,406.0,0.0,0.0,0.0,12.0,0
14893.0,2.0,1237.8500000000001,799.0,0.0,0.0,0.0,10.0,0
15721.0,1.0,507.08,409.0,0.0,0.0,0.0,12.0,0
17852.0,2.0,114.34,53.0,0.0,0.0,0.0,12.0,0
13844.0,1.0,361.62,196.0,0.0,0.0,0.0,11.0,0
12479.0,1.0,477.30000000000007,385.0,49.9,34.0,0.081145584725537,11.0,-1
12660.0,1.0,245.1,127.0,0.0,0.0,0.0,11.0,0
15540.0,1.0,213.3,200.0,0.0,0.0,0.0,11.0,0
17379.0,1.0,404.66,663.0,0.0,0.0,0.0,11.0,0
16800.0,1.0,1201.49,540.0,0.0,0.0,0.0,11.0,0
17806.0,1.0,546.04,727.0,0.0,0.0,0.0,11.0,0
17359.0,1.0,127.86,161.0,0.0,0.0,0.0,11.0,0
13188.0,1.0,114.60000000000001,25.0,0.0,0.0,0.0,11.0,0
14480.0,1.0,279.05,143.0,0.0,0.0,0.0,11.0,0
13349.0,1.0,247.32,225.0,0.0,0.0,0.0,11.0,0
15619.0,1.0,336.40000000000003,136.0,0.0,0.0,0.0,11.0,0
15148.0,1.0,301.29,187.0,0.0,0.0,0.0,11.0,0
14601.0,1.0,213.96,168.0,0.0,0.0,0.0,11.0,0
15783.0,1.0,246.3,212.0,0.0,0.0,0.0,11.0,0
17772.0,2.0,182.77,58.0,0.0,0.0,0.0,11.0,0
14126.0,3.0,643.6300000000001,508.0,62.5,50.0,0.08960573476702509,8.0,-1
16479.0,2.0,300.83,102.0,0.0,0.0,0.0,10.0,0
13428.0,1.0,218.47,156.0,0.0,0.0,0.0,10.0,0
15790.0,1.0,220.85,114.0,0.0,0.0,0.0,10.0,0
13521.0,3.0,1093.65,736.0,0.0,0.0,0.0,1.0,0
14349.0,1.0,133.5,86.0,0.0,0.0,0.0,10.0,0
18058.0,1.0,170.16,88.0,0.0,0.0,0.0,10.0,0
12953.0,1.0,329.85,84.0,0.0,0.0,0.0,10.0,0
12966.0,1.0,160.18,75.0,0.0,0.0,0.0,10.0,0
15060.0,4.0,303.09,263.0,0.0,0.0,0.0,8.0,0
17911.0,1.0,366.23,223.0,0.0,0.0,0.0,9.0,0
14804.0,1.0,353.27,121.0,0.0,0.0,0.0,9.0,0
15904.0,1.0,164.68,84.0,0.0,0.0,0.0,8.0,0
16789.0,1.0,80.8,32.0,0.0,0.0,0.0,8.0,0
12558.0,1.0,0.0,196.0,269.96,196.0,0.5,8.0,-1
17942.0,1.0,77.50000000000001,38.0,0.0,0.0,0.0,8.0,0
12587.0,1.0,144.0,51.0,0.0,0.0,0.0,8.0,0
13560.0,1.0,174.37,64.0,0.0,0.0,0.0,7.0,0
15539.0,1.0,538.46,410.0,0.0,0.0,0.0,7.0,0
13017.0,1.0,204.0,48.0,0.0,0.0,0.0,7.0,0
18174.0,1.0,104.0,50.0,0.0,0.0,0.0,7.0,0
13153.0,1.0,486.22,418.0,0.0,0.0,0.0,6.0,0
15773.0,1.0,635.6800000000001,311.0,0.0,0.0,0.0,6.0,0
17936.0,1.0,389.84,262.0,0.0,0.0,0.0,5.0,0
16535.0,1.0,593.75,356.0,0.0,0.0,0.0,5.0,0
16988.0,1.0,126.12,43.0,0.0,0.0,0.0,5.0,0
15097.0,1.0,248.08,170.0,0.0,0.0,0.0,4.0,0
18015.0,1.0,120.03,157.0,0.0,0.0,0.0,4.0,0
16597.0,1.0,90.04,184.0,0.0,0.0,0.0,4.0,0
13790.0,1.0,348.8,748.0,0.0,0.0,0.0,4.0,0
14219.0,1.0,89.94,78.0,0.0,0.0,0.0,4.0,0
12367.0,1.0,168.9,173.0,0.0,0.0,0.0,4.0,0
17383.0,1.0,199.29,150.0,0.0,0.0,0.0,4.0,0
12478.0,1.0,680.99,236.0,0.0,0.0,0.0,4.0,0
15992.0,1.0,41.989999999999995,17.0,0.0,0.0,0.0,4.0,0
15318.0,1.0,312.62,642.0,0.0,0.0,0.0,4.0,0
17914.0,1.0,336.43,473.0,0.0,0.0,0.0,4.0,0
16528.0,1.0,244.41,171.0,0.0,0.0,0.0,4.0,0
12442.0,1.0,172.06,182.0,0.0,0.0,0.0,3.0,0
16569.0,1.0,124.2,93.0,0.0,0.0,0.0,3.0,0
12650.0,1.0,314.44,254.0,0.0,0.0,0.0,3.0,0
14578.0,1.0,168.63,240.0,0.0,0.0,0.0,3.0,0
16000.0,3.0,12393.7,5110.0,0.0,0.0,0.0,3.0,-1
15195.0,1.0,3861.0,1404.0,0.0,0.0,0.0,3.0,-1
14087.0,1.0,181.67,251.0,12.75,1.0,0.003968253968253968,3.0,0
14204.0,1.0,161.03,82.0,0.0,0.0,0.0,2.0,0
15471.0,1.0,469.48,266.0,0.0,0.0,0.0,2.0,0
13436.0,1.0,196.89,76.0,0.0,0.0,0.0,2.0,0
15520.0,1.0,343.5,314.0,0.0,0.0,0.0,2.0,0
13298.0,1.0,360.0,96.0,0.0,0.0,0.0,1.0,0
14569.0,1.0,227.39,79.0,0.0,0.0,0.0,1.0,0
12713.0,1.0,848.55,508.0,0.0,0.0,0.0,1.0,0
